종목명,현재가,대비,대비(%),거래량,L(일봉)H,종목코드,거래량 (G),거래대금(만원) (H),매출액 영업이익률(%) (L),결산기준 (L),매출액 순이익률(%) (M),결산기준 (M),매출액(백만원) (A1),결산기준 (A1),매출액(백만원) (B1),결산기준 (B1),매출액(백만원) (C1),결산기준 (C1)
DL,"78,300","-2,000",-2.49,"341,200",-2.49,A000210,"341,200","2,665,082",11.65,Dec-19,7.32,Dec-19,"9,700,078",Dec-19,"10,984,485",Dec-18,"12,335,536",Dec-17
유유제약,"12,400",-250,-1.98,"33,195",-1.98,A000220,"33,195","41,476",8.89,Dec-19,6.12,Dec-19,"90,877",Dec-19,"83,096",Dec-18,"62,852",Dec-17
한국앤컴퍼니,"17,000",-300,-1.73,"350,644",-1.73,A000240,"350,644","590,353",20.16,Dec-19,19.26,Dec-19,"847,609",Dec-19,"847,957",Dec-18,"824,846",Dec-17
삼천당제약,"55,800","-3,200",-5.42,"821,467",-5.42,A000250,"821,467","4,551,879",13.51,Dec-19,10.5,Dec-19,"186,602",Dec-19,"159,960",Dec-18,"160,587",Dec-17
SK하이닉스,"140,000","-2,000",-1.41,"6,091,444",-1.41,A000660,"6,091,444","84,427,125",10.05,Dec-19,7.47,Dec-19,"26,990,733",Dec-19,"40,445,066",Dec-18,"30,109,434",Dec-17
DB하이텍,"53,600",-300,-0.56,"1,267,242",-0.56,A000990,"1,267,242","6,655,919",22.45,Dec-19,12.96,Dec-19,"807,416",Dec-19,"669,279",Dec-18,"679,737",Dec-17
백광산업,"3,700",50,1.37,"434,544",1.37,A001340,"434,544","156,690",12.59,Dec-19,9.52,Dec-19,"168,389",Dec-19,"175,487",Dec-18,"144,980",Dec-17
KG케미칼,"25,850",-600,-2.27,"247,946",-2.27,A001390,"247,946","636,125",5.7,Dec-19,10.6,Dec-19,"2,068,395",Dec-19,"1,282,776",Dec-18,"1,099,484",Dec-17
현대차증권,"12,200",-250,-2.01,"128,757",-2.01,A001500,"128,757","155,567",13.75,Dec-19,10.03,Dec-19,"716,183",Dec-19,"618,985",Dec-18,"521,345",Dec-17
한양증권,"10,250",-50,-0.49,"21,098",-0.49,A001750,"21,098","21,388",9.53,Dec-19,7.14,Dec-19,"310,407",Dec-19,"205,081",Dec-18,"170,617",Dec-17
오리온홀딩스,"13,950",-50,-0.36,"143,101",-0.36,A001800,"143,101","198,638",12.68,Dec-19,7.43,Dec-19,"2,103,591",Dec-19,"1,997,682",Dec-18,"112,748",Dec-17
삼화콘덴서,"68,200",-600,-0.87,"90,952",-0.87,A001820,"90,952","612,961",14.65,Dec-19,11.72,Dec-19,"254,537",Dec-19,"274,444",Dec-18,"199,316",Dec-17
대림건설,"29,500",-100,-0.34,"87,977",-0.34,A001880,"87,977","255,002",11.17,Dec-19,7.43,Dec-19,"1,279,913",Dec-19,"965,572",Dec-18,"858,626",Dec-17
아세아제지,"44,200",900,2.08,"83,115",2.08,A002310,"83,115","370,251",10.19,Dec-19,8.81,Dec-19,"697,656",Dec-19,"775,844",Dec-18,"728,592",Dec-17
넥센타이어,"7,950",-170,-2.09,"250,703",-2.09,A002350,"250,703","198,490",10.25,Dec-19,5.86,Dec-19,"2,022,338",Dec-19,"1,983,976",Dec-18,"1,964,792",Dec-17
한독,"27,100",-150,-0.55,"62,127",-0.55,A002390,"62,127","166,899",5.8,Dec-19,7.17,Dec-19,"473,000",Dec-19,"446,731",Dec-18,"417,970",Dec-17
신풍제지,"2,930",20,0.69,"897,103",0.69,A002870,"897,103","263,343",7.24,Dec-19,12.46,Dec-19,"156,878",Dec-19,"154,107",Dec-18,"144,277",Dec-17
대웅,"34,600","-1,100",-3.08,"336,904",-3.08,A003090,"336,904","1,161,258",7.87,Dec-19,5.22,Dec-19,"1,365,679",Dec-19,"1,231,290",Dec-18,"1,123,956",Dec-17
대원제약,"16,200",-400,-2.41,"95,798",-2.41,A003220,"95,798","155,328",11.05,Dec-19,8.46,Dec-19,"317,827",Dec-19,"286,652",Dec-18,"265,462",Dec-17
쌍용양회,"6,820",-10,-0.15,"1,483,012",-0.15,A003410,"1,483,012","1,004,532",14.85,Dec-19,8.55,Dec-19,"1,538,480",Dec-19,"1,509,985",Dec-18,"1,517,139",Dec-17
한화투자증권,"2,710",-40,-1.45,"1,458,403",-1.45,A003530,"1,458,403","391,079",7.12,Dec-19,6.26,Dec-19,"1,571,216",Dec-19,"1,901,879",Dec-18,"1,712,750",Dec-17
LG,"90,800","-1,200",-1.3,"387,743",-1.3,A003550,"387,743","3,510,704",15.57,Dec-19,16.82,Dec-19,"6,575,339",Dec-19,"7,743,355",Dec-18,"11,841,058",Dec-17
포스코케미칼,"161,000","2,000",1.26,"655,354",1.26,A003670,"655,354","10,393,297",6.05,Dec-19,6.82,Dec-19,"1,483,769",Dec-19,"1,383,593",Dec-18,"1,197,158",Dec-17
진양산업,"4,385",20,0.46,"798,915",0.46,A003780,"798,915","343,873",14.78,Dec-19,11.03,Dec-19,"61,838",Dec-19,"59,350",Dec-18,"44,821",Dec-17
보령제약,"20,600",400,1.98,"643,434",1.98,A003850,"643,434","1,303,869",7.45,Dec-19,6.15,Dec-19,"524,268",Dec-19,"460,401",Dec-18,"422,721",Dec-17
롯데정밀화학,"51,300",-500,-0.97,"68,955",-0.97,A004000,"68,955","351,226",14.46,Dec-19,12.84,Dec-19,"1,311,271",Dec-19,"1,371,695",Dec-18,"1,159,511",Dec-17
신세계,"294,500","2,500",0.86,"164,541",0.86,A004170,"164,541","4,809,188",7.32,Dec-19,9.28,Dec-19,"6,394,223",Dec-19,"5,185,683",Dec-18,"3,871,416",Dec-17
세방전지,"84,400","-1,000",-1.17,"189,553",-1.17,A004490,"189,553","1,569,675",9.28,Dec-19,6.89,Dec-19,"1,139,007",Dec-19,"1,180,886",Dec-18,"1,111,084",Dec-17
한국가구,"5,770",-180,-3.03,"367,860",-3.03,A004590,"367,860","215,049",13.24,Dec-19,9.24,Dec-19,"65,652",Dec-19,"60,244",Dec-18,"54,766",Dec-17
동진쎄미켐,"30,500",-100,-0.33,"373,628",-0.33,A005290,"373,628","1,122,070",11.98,Dec-19,6.71,Dec-19,"875,254",Dec-19,"827,231",Dec-18,"785,154",Dec-17
푸드웰,"7,090",50,0.71,"45,793",0.71,A005670,"45,793","31,989",5.96,Dec-19,22.22,Dec-19,"143,937",Dec-19,"123,789",Dec-18,"116,866",Dec-17
파미셀,"16,650",550,3.42,"2,017,022",3.42,A005690,"2,017,022","3,356,544",6.05,Dec-19,13.38,Dec-19,"32,481",Dec-19,"28,351",Dec-18,"25,197",Dec-17
대한해운,"3,440",160,4.88,"42,116,076",4.88,A005880,"42,116,076","14,651,091",12.81,Dec-19,10.05,Dec-19,"1,005,657",Dec-19,"1,284,595",Dec-18,"1,526,446",Dec-17
삼성전자,"82,100",-300,-0.36,"20,508,971",-0.36,A005930,"20,508,971","167,760,286",15.2,Dec-20,11.15,Dec-20,"236,806,988",Dec-20,"230,400,881",Dec-19,"243,771,415",Dec-18
화승인더,"8,090",20,0.25,"510,468",0.25,A006060,"510,468","407,476",7.96,Dec-19,5.67,Dec-19,"1,425,876",Dec-19,"1,111,909",Dec-18,"1,151,943",Dec-17
제주은행,"8,850",-160,-1.78,"21,042,475",-1.78,A006220,"21,042,475","20,096,062",15.47,Dec-19,11.61,Dec-19,"240,435",Dec-19,"224,542",Dec-18,"208,661",Dec-17
한일현대시멘트,"37,500",-400,-1.06,"39,091",-1.06,A006390,"39,091","144,489",9.17,Dec-19,10.76,Dec-19,"384,112",Dec-19,"339,613",Dec-18,"348,683",Dec-17
삼성SDI,"671,000","-7,000",-1.03,"430,233",-1.03,A006400,"430,233","28,629,183",5.94,Dec-20,5.59,Dec-20,"11,294,770",Dec-20,"10,097,426",Dec-19,"9,158,272",Dec-18
동구바이오제약,"11,400",-200,-1.72,"303,656",-1.72,A006620,"303,656","342,717",5.16,Dec-19,12.06,Dec-19,"125,235",Dec-19,"104,837",Dec-18,"101,124",Dec-17
대한유화,"351,500","5,500",1.59,"76,818",1.59,A006650,"76,818","2,698,119",9.03,Dec-20,6.76,Dec-20,"1,882,733",Dec-20,"2,074,296",Dec-19,"2,553,976",Dec-18
영풍제지,"7,690",,0,"1,792,280",0,A006740,"1,792,280","1,401,425",10.91,Dec-19,9.31,Dec-19,"99,673",Dec-19,"111,220",Dec-18,"105,060",Dec-17
푸른저축은행,"9,160",-140,-1.51,"167,170",-1.51,A007330,"167,170","156,029",46.05,Dec-19,35.26,Dec-19,"69,762",Dec-19,"69,198",Dec-18,"62,484",Dec-17
디티알오토모티브,"28,350",-200,-0.7,"20,125",-0.7,A007340,"20,125","56,767",8.63,Dec-19,7.34,Dec-19,"929,772",Dec-19,"908,521",Dec-18,"877,858",Dec-17
일양약품,"34,600",-400,-1.14,"1,471,418",-1.14,A007570,"1,471,418","5,124,450",10.02,Dec-19,6.04,Dec-19,"324,573",Dec-19,"300,036",Dec-18,"269,811",Dec-17
F&F,"138,000","-1,500",-1.08,"85,047",-1.08,A007700,"85,047","1,168,308",16.56,Dec-19,12.08,Dec-19,"910,336",Dec-19,"668,349",Dec-18,"560,518",Dec-17
서흥,"50,700",,0,"27,662",0,A008490,"27,662","138,328",10.28,Dec-19,8.11,Dec-19,"460,728",Dec-19,"393,476",Dec-18,"350,007",Dec-17
삼성전기,"195,000",500,0.26,"510,528",0.26,A009150,"510,528","9,881,030",10.1,Dec-20,7.6,Dec-20,"8,208,738",Dec-20,"7,718,297",Dec-19,"8,002,008",Dec-18
한올바이오파마,"22,100",-150,-0.67,"299,846",-0.67,A009420,"299,846","651,507",15.76,Dec-19,17.68,Dec-19,"108,452",Dec-19,"91,839",Dec-18,"84,230",Dec-17
엠에스씨,"4,860",-50,-1.02,"30,823",-1.02,A009780,"30,823","14,899",9.84,Dec-19,7.88,Dec-19,"149,239",Dec-19,"144,605",Dec-18,"141,954",Dec-17
영원무역홀딩스,"41,550",-100,-0.24,"17,185",-0.24,A009970,"26,199","71,154",10.92,Dec-19,8.32,Dec-19,"2,737,959",Dec-19,"2,518,695",Dec-18,"2,384,765",Dec-17
우리종금,660,4,0.61,"7,000,357",0.61,A010050,"7,000,357","461,273",26.27,Dec-19,26.02,Dec-19,"205,090",Dec-19,"205,445",Dec-18,"183,478",Dec-17
고려아연,"407,000","-1,000",-0.25,"42,589",-0.25,A010130,"42,589","1,724,781",12.03,Dec-19,9.53,Dec-19,"6,694,810",Dec-19,"6,883,323",Dec-18,"6,596,671",Dec-17
흥국,"8,890","1,140",14.71,"4,548,871",14.71,A010240,"4,548,871","3,957,484",8.51,Dec-19,6.7,Dec-19,"104,480",Dec-19,"118,012",Dec-18,"91,625",Dec-17
진양폴리,"3,300",-5,-0.15,"90,525",-0.15,A010640,"90,525","29,569",8.84,Dec-19,21.51,Dec-19,"35,112",Dec-19,"30,104",Dec-18,"23,646",Dec-17
아이에스동서,"54,000",-700,-1.28,"66,868",-1.28,A010780,"66,868","358,161",6.87,Dec-19,7.7,Dec-19,"964,111",Dec-19,"1,596,847",Dec-18,"1,832,961",Dec-17
경동제약,"9,670",60,0.62,"46,731",0.62,A011040,"46,731","44,717",13.91,Dec-19,12.94,Dec-19,"176,500",Dec-19,"179,316",Dec-18,"177,772",Dec-17
롯데케미칼,"322,000","1,000",0.31,"275,487",0.31,A011170,"275,487","8,803,751",7.32,Dec-19,5,Dec-19,"15,123,477",Dec-19,"16,073,061",Dec-18,"15,874,510",Dec-17
유니켐,"1,490",10,0.68,"578,594",0.68,A011330,"578,594","84,810",16.48,Dec-19,14.88,Dec-19,"108,791",Dec-19,"83,645",Dec-18,"66,051",Dec-17
금호석유,"234,000","3,500",1.52,"639,730",1.52,A011780,"639,730","14,945,845",7.39,Dec-19,5.92,Dec-19,"4,977,931",Dec-19,"5,584,910",Dec-18,"5,064,779",Dec-17
현대모비스,"305,000","-5,500",-1.77,"425,644",-1.77,A012330,"425,644","12,944,964",6.2,Dec-19,6.03,Dec-19,"38,048,768",Dec-19,"35,149,219",Dec-18,"35,144,580",Dec-17
더존비즈온,"104,500","-1,000",-0.95,"86,028",-0.95,A012510,"86,028","892,113",25.43,Dec-19,19.43,Dec-19,"262,663",Dec-19,"226,933",Dec-18,"204,443",Dec-17
HDC,"10,850",-100,-0.91,"238,040",-0.91,A012630,"238,040","256,622",7.92,Dec-19,17.02,Dec-19,"1,616,692",Dec-19,"1,547,840",Dec-18,"1,521,022",Dec-17
리드코프,"6,810",110,1.64,"256,483",1.64,A012700,"256,483","173,419",10.88,Dec-19,8.19,Dec-19,"495,358",Dec-19,"463,601",Dec-18,"442,470",Dec-17
에스원,"82,600",-500,-0.6,"39,056",-0.6,A012750,"39,056","321,769",9.15,Dec-19,6.82,Dec-19,"2,151,521",Dec-19,"2,018,339",Dec-18,"1,942,266",Dec-17
신일제약,"13,550",-300,-2.17,"81,496",-2.17,A012790,"81,496","110,564",15.52,Dec-19,11.97,Dec-19,"60,648",Dec-19,"53,276",Dec-18,"50,941",Dec-17
하이록코리아,"14,800",-150,-1,"108,848",-1,A013030,"108,848","158,043",10.5,Dec-19,9.57,Dec-19,"142,113",Dec-19,"124,267",Dec-18,"182,699",Dec-17
동원개발,"5,110",-70,-1.35,"226,570",-1.35,A013120,"226,570","115,228",16.51,Dec-19,13.18,Dec-19,"642,628",Dec-19,"607,890",Dec-18,"563,013",Dec-17
스페코,"9,000",-120,-1.32,"350,718",-1.32,A013810,"350,718","311,824",8.88,Dec-19,13.19,Dec-19,"74,708",Dec-19,"53,187",Dec-18,"68,786",Dec-17
지누스,"92,000",-600,-0.65,"64,768",-0.65,A013890,"64,768","594,504",12.71,Dec-19,8.86,Dec-19,"817,137",Dec-19,"621,764",Dec-18,"602,754",Dec-17
고려제약,"10,050",-50,-0.5,"41,561",-0.5,A014570,"41,561","41,576",6.15,Dec-19,7.01,Dec-19,"55,529",Dec-19,"52,027",Dec-18,"55,402",Dec-17
한솔케미칼,"234,500",500,0.21,"74,059",0.21,A014680,"74,059","1,721,508",18.96,Dec-19,15.49,Dec-19,"587,561",Dec-19,"581,947",Dec-18,"521,574",Dec-17
유니드,"63,000",-400,-0.63,"16,165",-0.63,A014830,"28,254","100,311",9.68,Dec-19,7.71,Dec-19,"875,163",Dec-19,"814,007",Dec-18,"762,387",Dec-17
대창단조,"6,540",40,0.62,"31,992",0.62,A015230,"31,992","20,843",6.74,Dec-19,5.63,Dec-19,"277,253",Dec-19,"320,500",Dec-18,"257,646",Dec-17
코콤,"7,110",-40,-0.56,"61,223",-0.56,A015710,"61,223","43,092",9.96,Dec-19,6.14,Dec-19,"133,903",Dec-19,"163,612",Dec-18,"143,089",Dec-17
대현,"2,070",-40,-1.9,"179,971",-1.9,A016090,"179,971","37,029",6.76,Dec-19,5.55,Dec-19,"299,583",Dec-19,"286,316",Dec-18,"283,694",Dec-17
삼성증권,"37,700",-650,-1.69,"419,248",-1.69,A016360,"419,248","1,575,037",7.78,Dec-19,5.89,Dec-19,"6,656,151",Dec-19,"4,890,202",Dec-18,"4,485,462",Dec-17
환인제약,"19,400",200,1.04,"113,075",1.04,A016580,"113,075","215,725",16.44,Dec-19,11.69,Dec-19,"159,176",Dec-19,"154,664",Dec-18,"147,953",Dec-17
큐캐피탈,601,-5,-0.83,"5,068,847",-0.83,A016600,"5,068,847","302,193",6.21,Dec-19,20.68,Dec-19,"24,621",Dec-19,"10,086",Dec-18,"28,104",Dec-17
DB금융투자,"5,800",-50,-0.85,"96,254",-0.85,A016610,"96,254","55,567",8.81,Dec-19,5.89,Dec-19,"991,957",Dec-19,"848,711",Dec-18,"909,892",Dec-17
광명전기,"2,555",35,1.39,"2,527,905",1.39,A017040,"2,527,905","643,428",6.05,Dec-19,5.4,Dec-19,"131,864",Dec-19,"112,564",Dec-18,"101,561",Dec-17
세명전기,"4,200",-60,-1.41,"98,228",-1.41,A017510,"98,228","40,948",9.05,Dec-19,18.54,Dec-19,"18,453",Dec-19,"19,017",Dec-18,"20,871",Dec-17
한국알콜,"12,900",-400,-3.01,"292,783",-3.01,A017890,"292,783","379,485",11.36,Dec-19,11,Dec-19,"291,435",Dec-19,"255,981",Dec-18,"212,403",Dec-17
한국카본,"11,100",-350,-3.06,"781,280",-3.06,A017960,"781,280","867,657",9.25,Dec-19,6.47,Dec-19,"273,402",Dec-19,"226,695",Dec-18,"239,057",Dec-17
애경산업,"25,600",-350,-1.35,"70,861",-1.35,A018250,"70,861","180,685",8.64,Dec-19,5.94,Dec-19,"701,336",Dec-19,"699,584",Dec-18,"628,921",Dec-17
삼성에스디에스,"187,500","-1,500",-0.79,"153,308",-0.79,A018260,"153,308","2,855,946",9.24,Dec-19,7,Dec-19,"10,719,631",Dec-19,"10,034,218",Dec-18,"9,299,206",Dec-17
삼목에스폼,"9,930",-220,-2.17,"45,498",-2.17,A018310,"45,498","45,234",7.88,Dec-19,9.5,Dec-19,"144,218",Dec-19,"188,934",Dec-18,"253,952",Dec-17
SBI인베스트먼트,"1,350",,0,"13,888,429",0,A019550,"13,888,429","1,925,759",48.6,Dec-19,48.49,Dec-19,"23,560",Dec-19,"16,855",Dec-18,"18,192",Dec-17
한섬,"38,000",-900,-2.31,"116,292",-2.31,A020000,"116,292","439,422",8.46,Dec-19,6.77,Dec-19,"1,259,801",Dec-19,"1,299,209",Dec-18,"1,228,675",Dec-17
일진머티리얼즈,"67,300",300,0.45,"516,223",0.45,A020150,"516,223","3,385,761",8.51,Dec-19,8.51,Dec-19,"550,214",Dec-19,"502,007",Dec-18,"454,035",Dec-17
시공테크,"5,470",-30,-0.55,"48,539",-0.55,A020710,"48,539","26,365",6.69,Dec-19,12.81,Dec-19,"119,772",Dec-19,"72,957",Dec-18,"173,114",Dec-17
에이티넘인베스트,"2,355",-40,-1.67,"422,376",-1.67,A021080,"422,376","98,845",39.78,Dec-19,31.47,Dec-19,"21,441",Dec-19,"17,116",Dec-18,"25,126",Dec-17
코웨이,"64,600",-700,-1.07,"268,508",-1.07,A021240,"268,508","1,735,708",15.18,Dec-19,11,Dec-19,"3,018,912",Dec-19,"2,707,315",Dec-18,"2,516,772",Dec-17
정산애강,"1,970",-20,-1.01,"204,431",-1.01,A022220,"204,431","40,121",14.31,Dec-19,16.14,Dec-19,"71,371",Dec-19,"64,950",Dec-18,"78,234",Dec-17
다우기술,"26,150",-50,-0.19,"236,721",-0.19,A023590,"236,721","609,810",15.64,Dec-19,12.2,Dec-19,"3,245,501",Dec-19,"2,347,029",Dec-18,"1,372,802",Dec-17
삼보판지,"12,250",200,1.66,"120,876",1.66,A023600,"120,876","145,187",12.44,Dec-19,8.75,Dec-19,"367,007",Dec-19,"376,196",Dec-18,"323,858",Dec-17
한국캐피탈,594,,0,"148,637",0,A023760,"148,637","10,700",15.18,Dec-19,11.88,Dec-19,"177,052",Dec-19,"140,675",Dec-18,"92,437",Dec-17
플레이위드,"8,810",-50,-0.56,"51,406",-0.56,A023770,"51,406","44,939",24.25,Dec-19,16.2,Dec-19,"56,031",Dec-19,"11,815",Dec-18,"11,924",Dec-17
풍국주정,"19,950",,0,"34,412",0,A023900,"34,412","68,154",8.67,Dec-19,7.5,Dec-19,"121,430",Dec-19,"120,452",Dec-18,"107,554",Dec-17
대한약품,"34,600",850,2.52,"63,661",2.52,A023910,"63,661","215,833",19.93,Dec-19,16.69,Dec-19,"168,761",Dec-19,"158,720",Dec-18,"144,439",Dec-17
기업은행,"8,650",70,0.82,"3,800,549",0.82,A024110,"3,800,549","3,295,999",13.15,Dec-19,9.53,Dec-19,"16,938,235",Dec-19,"15,527,878",Dec-18,"16,783,992",Dec-17
KB오토시스,"10,250",150,1.49,"493,169",1.49,A024120,"493,169","503,511",8.58,Dec-19,7.23,Dec-19,"147,791",Dec-19,"151,863",Dec-18,"164,260",Dec-17
한국콜마홀딩스,"28,100",-100,-0.35,"50,683",-0.35,A024720,"50,683","140,560",15.67,Dec-19,12.17,Dec-19,"593,433",Dec-19,"561,696",Dec-18,"408,327",Dec-17
동화기업,"47,800",-450,-0.93,"82,231",-0.93,A025900,"82,231","383,707",8.15,Dec-19,6.05,Dec-19,"717,405",Dec-19,"759,970",Dec-18,"702,053",Dec-17
디피씨,"11,100",-250,-2.2,"840,822",-2.2,A026890,"840,822","933,518",8.48,Dec-19,6.71,Dec-19,"165,392",Dec-19,"157,686",Dec-18,"154,801",Dec-17
동서,"33,550","-7,100",-17.47,"2,281,358",-17.47,A026960,"2,281,358","7,895,077",7.66,Dec-19,27.98,Dec-19,"502,235",Dec-19,"563,524",Dec-18,"559,080",Dec-17
아주IB투자,"4,075",30,0.74,"7,893,670",0.74,A027360,"7,893,670","3,311,574",33.88,Dec-19,25.43,Dec-19,"64,059",Dec-19,"72,824",Dec-18,"69,731",Dec-17
BGF,"5,900",110,1.9,"628,775",1.9,A027410,"628,775","368,846",12.23,Dec-19,7.29,Dec-19,"240,314",Dec-19,"220,593",Dec-18,"124,346",Dec-17
세하,"1,750",30,1.74,"351,784",1.74,A027970,"351,784","60,229",7.94,Dec-19,6.32,Dec-19,"177,653",Dec-19,"177,242",Dec-18,"164,484",Dec-17
동아지질,"16,100",-350,-2.13,"79,409",-2.13,A028100,"79,409","127,779",6.01,Dec-19,5,Dec-19,"380,903",Dec-19,"360,734",Dec-18,"339,724",Dec-17
팬오션,"6,430",560,9.54,"82,365,221",9.54,A028670,"82,365,221","54,597,122",8.51,Dec-19,5.99,Dec-19,"2,467,891",Dec-19,"2,668,353",Dec-18,"2,336,240",Dec-17
케이씨,"27,100",-900,-3.21,"109,905",-3.21,A029460,"109,905","296,763",12.76,Dec-19,11.14,Dec-19,"511,909",Dec-19,"526,071",Dec-18,"572,952",Dec-17
삼성카드,"32,600",-200,-0.61,"107,521",-0.61,A029780,"107,521","348,848",13.65,Dec-19,10.45,Dec-19,"3,293,359",Dec-19,"3,354,199",Dec-18,"3,899,957",Dec-17
코엔텍,"8,670",-20,-0.23,"131,779",-0.23,A029960,"131,779","114,050",40,Dec-19,33.93,Dec-19,"71,114",Dec-19,"72,239",Dec-18,"53,606",Dec-17
NICE평가정보,"22,900",-100,-0.43,"210,855",-0.43,A030190,"210,855","479,012",12.49,Dec-19,9.92,Dec-19,"410,914",Dec-19,"383,774",Dec-18,"360,404",Dec-17
KTB투자증권,"4,275",-95,-2.17,"340,546",-2.17,A030210,"340,546","144,448",9.85,Dec-19,13.18,Dec-19,"381,169",Dec-19,"358,697",Dec-18,"334,218",Dec-17
한글과컴퓨터,"17,350",-300,-1.7,"107,595",-1.7,A030520,"107,595","186,426",10.4,Dec-19,6.93,Dec-19,"319,255",Dec-19,"212,857",Dec-18,"121,181",Dec-17
원익홀딩스,"6,280",-70,-1.1,"422,104",-1.1,A030530,"422,104","262,024",13.68,Dec-19,10.86,Dec-19,"450,752",Dec-19,"500,162",Dec-18,"481,986",Dec-17
교보증권,"7,350",40,0.55,"43,564",0.55,A030610,"43,564","31,806",7.6,Dec-19,5.75,Dec-19,"1,452,089",Dec-19,"1,250,106",Dec-18,"1,086,012",Dec-17
녹십자셀,"41,950",350,0.84,"95,965",0.84,A031390,"95,965","402,710",15.02,Dec-19,29.17,Dec-19,"37,903",Dec-19,"29,606",Dec-18,"19,536",Dec-17
신세계인터내셔날,"204,000","1,500",0.74,"80,479",0.74,A031430,"80,479","1,629,660",5.93,Dec-19,5.19,Dec-19,"1,425,001",Dec-19,"1,262,650",Dec-18,"1,102,544",Dec-17
아즈텍WB,"2,600",120,4.84,"1,261,656",4.84,A032080,"1,261,656","325,723",6.56,Dec-19,10.69,Dec-19,"44,574",Dec-19,"47,006",Dec-18,"34,436",Dec-17
다우데이타,"12,900",,0,"173,436",0,A032190,"173,436","220,376",15.5,Dec-19,11.34,Dec-19,"3,605,644",Dec-19,"2,669,931",Dec-18,"1,654,276",Dec-17
케이엠더블유,"59,700","3,200",5.66,"1,180,454",5.66,A032500,"1,180,454","6,928,532",20.02,Dec-19,15.03,Dec-19,"682,876",Dec-19,"296,267",Dec-18,"203,720",Dec-17
황금에스티,"9,430",220,2.39,"670,766",2.39,A032560,"670,766","620,948",7.71,Dec-19,12.56,Dec-19,"243,584",Dec-19,"244,773",Dec-18,"224,729",Dec-17
유비케어,"7,830",-90,-1.14,"145,772",-1.14,A032620,"145,772","113,129",11.14,Dec-19,6.62,Dec-19,"110,852",Dec-19,"99,897",Dec-18,"82,091",Dec-17
비트컴퓨터,"8,760",-210,-2.34,"158,172",-2.34,A032850,"158,172","138,791",16.25,Dec-19,18.98,Dec-19,"37,376",Dec-19,"32,769",Dec-18,"31,905",Dec-17
제룡전기,"6,000",60,1.01,"323,359",1.01,A033100,"323,359","189,928",12.7,Dec-19,12.35,Dec-19,"45,214",Dec-19,"42,493",Dec-18,"47,658",Dec-17
디지틀조선,"2,675",-55,-2.01,"251,719",-2.01,A033130,"251,719","67,536",8.68,Dec-19,10.23,Dec-19,"33,842",Dec-19,"39,679",Dec-18,"39,512",Dec-17
엠케이전자,"11,250",-250,-2.17,"228,377",-2.17,A033160,"228,377","256,704",17.32,Dec-19,10.51,Dec-19,"731,615",Dec-19,"706,474",Dec-18,"686,150",Dec-17
유나이티드제약,"55,300",,0,"282,925",0,A033270,"282,925","1,561,558",15.58,Dec-19,13.97,Dec-19,"221,310",Dec-19,"211,935",Dec-18,"197,023",Dec-17
코웰패션,"5,830",-10,-0.17,"259,072",-0.17,A033290,"259,072","150,109",19.28,Dec-19,13.79,Dec-19,"394,651",Dec-19,"339,376",Dec-18,"309,437",Dec-17
동성화인텍,"11,100",50,0.45,"78,134",0.45,A033500,"78,134","85,903",10.64,Dec-19,6.66,Dec-19,"253,271",Dec-19,"188,129",Dec-18,"230,970",Dec-17
네패스,"38,050",500,1.33,"478,989",1.33,A033640,"478,989","1,776,876",17.06,Dec-19,8.48,Dec-19,"351,586",Dec-19,"270,611",Dec-18,"285,034",Dec-17
우리금융캐피탈,"10,350",-50,-0.48,"45,251",-0.48,A033660,"45,251","46,508",18.41,Dec-19,13.99,Dec-19,"726,369",Dec-19,"615,237",Dec-18,"621,580",Dec-17
KT&G,"79,700",300,0.38,"442,752",0.38,A033780,"442,752","3,516,858",27.8,Dec-19,20.9,Dec-19,"4,963,202",Dec-19,"4,471,515",Dec-18,"4,667,193",Dec-17
티비씨,"1,180",-15,-1.26,"6,013,784",-1.26,A033830,"6,013,784","741,655",10.65,Dec-19,11.3,Dec-19,"49,281",Dec-19,"40,608",Dec-18,"42,211",Dec-17
해성산업,"11,900",50,0.42,"39,725",0.42,A034810,"39,725","46,707",25.75,Dec-19,11.47,Dec-19,"20,260",Dec-19,"14,931",Dec-18,"12,199",Dec-17
한국토지신탁,"2,035",-30,-1.45,"881,451",-1.45,A034830,"881,451","179,576",46.67,Dec-19,42.34,Dec-19,"255,695",Dec-19,"269,317",Dec-18,"249,970",Dec-17
강원랜드,"26,200",100,0.38,"1,803,161",0.38,A035250,"1,803,161","4,701,965",32.97,Dec-19,22.02,Dec-19,"1,520,080",Dec-19,"1,438,059",Dec-18,"1,547,771",Dec-17
NAVER,"377,500","-14,000",-3.58,"1,594,386",-3.58,A035420,"1,594,386","59,979,949",10.77,Dec-19,6.01,Dec-19,"6,593,400",Dec-19,"5,586,904",Dec-18,"4,678,468",Dec-17
기산텔레콤,"2,700",-10,-0.37,"138,046",-0.37,A035460,"138,046","36,864",5.96,Dec-19,5.22,Dec-19,"67,054",Dec-19,"56,445",Dec-18,"63,467",Dec-17
KG이니시스,"18,400",50,0.27,"88,076",0.27,A035600,"88,076","160,927",9.01,Dec-19,6.28,Dec-19,"956,102",Dec-19,"924,624",Dec-18,"758,453",Dec-17
JYP Ent.,"37,450",500,1.35,"2,420,151",1.35,A035900,"2,420,151","9,047,853",27.96,Dec-19,20.09,Dec-19,"155,435",Dec-19,"124,821",Dec-18,"102,241",Dec-17
SCI평가정보,"4,000",195,5.12,"3,032,906",5.12,A036120,"3,032,906","1,232,046",13.17,Dec-19,9.73,Dec-19,"52,569",Dec-19,"49,863",Dec-18,"42,768",Dec-17
유니셈,"12,500",-600,-4.58,"1,295,878",-4.58,A036200,"1,295,878","1,613,436",13.4,Dec-19,11.88,Dec-19,"179,032",Dec-19,"214,304",Dec-18,"209,284",Dec-17
대성미생물,"18,200",-450,-2.41,"43,689",-2.41,A036480,"43,689","78,931",13.45,Dec-19,11.34,Dec-19,"25,133",Dec-19,"25,097",Dec-18,"24,043",Dec-17
SK머티리얼즈,"319,100","-3,600",-1.12,"26,822",-1.12,A036490,"26,822","848,195",27.81,Dec-19,18.56,Dec-19,"772,194",Dec-19,"687,252",Dec-18,"512,294",Dec-17
S&T홀딩스,"18,150",50,0.28,"20,557",0.28,A036530,"20,557","37,196",8.85,Dec-20,5.42,Dec-20,"1,435,754",Dec-20,"1,512,114",Dec-19,"1,401,307",Dec-18
영풍정밀,"7,990",-30,-0.37,"47,828",-0.37,A036560,"47,828","38,056",13.48,Dec-19,16.77,Dec-19,"74,989",Dec-19,"65,911",Dec-18,"65,865",Dec-17
엔씨소프트,"931,000","-29,000",-3.02,"127,784",-3.02,A036570,"127,784","11,907,886",28.16,Dec-19,21.11,Dec-19,"1,701,185",Dec-19,"1,715,115",Dec-18,"1,758,721",Dec-17
나이스정보통신,"28,900",100,0.35,"32,404",0.35,A036800,"32,404","92,889",7.74,Dec-19,6.51,Dec-19,"452,922",Dec-19,"414,997",Dec-18,"366,436",Dec-17
에프에스티,"30,200",-650,-2.11,"452,902",-2.11,A036810,"452,902","1,341,287",15.01,Dec-19,14.54,Dec-19,"125,729",Dec-19,"165,054",Dec-18,"191,695",Dec-17
솔브레인홀딩스,"43,600",-300,-0.68,"52,166",-0.68,A036830,"52,166","227,970",17.06,Dec-19,11.68,Dec-19,"1,021,271",Dec-19,"963,424",Dec-18,"775,598",Dec-17
진성티이씨,"11,000",150,1.38,"251,755",1.38,A036890,"251,755","267,943",8.42,Dec-19,6.19,Dec-19,"355,564",Dec-19,"354,679",Dec-18,"244,350",Dec-17
주성엔지니어링,"10,150",-150,-1.46,"825,251",-1.46,A036930,"825,251","827,396",11.94,Dec-19,10.25,Dec-19,"259,064",Dec-19,"264,029",Dec-18,"272,687",Dec-17
레드캡투어,"21,300",-200,-0.93,"30,435",-0.93,A038390,"30,435","63,975",13.51,Dec-19,8.59,Dec-19,"258,761",Dec-19,"254,944",Dec-18,"260,448",Dec-17
상상인,"6,300",-50,-0.79,"136,733",-0.79,A038540,"136,733","85,822",33.69,Dec-19,22.23,Dec-19,"541,349",Dec-19,"484,381",Dec-18,"397,628",Dec-17
에코바이오,"8,880",-70,-0.78,"74,716",-0.78,A038870,"74,716","64,727",5.87,Dec-19,41.15,Dec-19,"17,268",Dec-19,"21,982",Dec-18,"31,671",Dec-17
현대통신,"8,900",170,1.95,"38,731",1.95,A039010,"38,731","33,575",10.03,Dec-19,10.2,Dec-19,"104,552",Dec-19,"127,334",Dec-18,"117,345",Dec-17
한국경제TV,"5,850",20,0.34,"1,613,507",0.34,A039340,"1,613,507","993,471",17.61,Dec-19,19.31,Dec-19,"77,771",Dec-19,"84,503",Dec-18,"64,845",Dec-17
케이엘넷,"3,350",-105,-3.04,"338,424",-3.04,A039420,"338,424","113,551",10.75,Dec-19,9.9,Dec-19,"38,516",Dec-19,"42,138",Dec-18,"36,450",Dec-17
에스티아이,"18,300",-400,-2.14,"100,327",-2.14,A039440,"100,327","183,927",8.5,Dec-19,7.21,Dec-19,"318,857",Dec-19,"286,609",Dec-18,"287,012",Dec-17
키움증권,"123,500","-1,500",-1.2,"268,312",-1.2,A039490,"268,312","3,242,460",15.5,Dec-19,11.84,Dec-19,"3,056,971",Dec-19,"2,146,659",Dec-18,"1,216,289",Dec-17
디오,"37,450",150,0.4,"40,787",0.4,A039840,"40,787","150,241",24.98,Dec-20,9.5,Dec-20,"120,056",Dec-20,"127,165",Dec-19,"91,043",Dec-18
나노엔텍,"7,040",-110,-1.54,"149,061",-1.54,A039860,"149,061","104,546",11.61,Dec-19,21.9,Dec-19,"26,255",Dec-19,"25,796",Dec-18,"23,809",Dec-17
누리텔레콤,"7,610",-40,-0.52,"58,175",-0.52,A040160,"58,175","43,530",7.85,Dec-19,5.99,Dec-19,"147,947",Dec-19,"190,385",Dec-18,"117,558",Dec-17
정상제이엘에스,"6,220",-20,-0.32,"25,472",-0.32,A040420,"25,472","15,785",14.32,Dec-19,8.2,Dec-19,"93,567",Dec-19,"87,089",Dec-18,"84,365",Dec-17
아이씨디,"16,900",-250,-1.46,"292,301",-1.46,A040910,"292,301","488,457",11.76,Dec-19,9.17,Dec-19,"121,604",Dec-19,"233,974",Dec-18,"311,847",Dec-17
한국전자인증,"7,550",50,0.67,"951,389",0.67,A041460,"951,389","703,303",8.1,Dec-19,5.51,Dec-19,"28,670",Dec-19,"26,569",Dec-18,"26,724",Dec-17
인바디,"18,750",-50,-0.27,"105,595",-0.27,A041830,"105,595","196,667",23.6,Dec-19,17.43,Dec-19,"117,058",Dec-19,"99,635",Dec-18,"93,253",Dec-17
에스텍파마,"10,700",-250,-2.28,"124,314",-2.28,A041910,"124,314","133,680",8.16,Dec-19,32.76,Dec-19,"46,489",Dec-19,"40,335",Dec-18,"38,213",Dec-17
메디아나,"13,000","1,200",10.17,"274,448",10.17,A041920,"274,448","346,015",15.91,Dec-19,13.94,Dec-19,"48,399",Dec-19,"46,826",Dec-18,"52,219",Dec-17
비츠로테크,"10,550",,0,"212,410",0,A042370,"212,410","219,847",11.95,Dec-19,9.52,Dec-19,"312,975",Dec-19,"144,932",Dec-18,"220,440",Jun-18
링네트,"6,280",-150,-2.33,"163,666",-2.33,A042500,"163,666","103,553",5.32,Dec-19,5.32,Dec-19,"131,919",Dec-19,"137,560",Dec-18,"148,506",Dec-17
라온시큐어,"3,500",-65,-1.82,"1,488,024",-1.82,A042510,"1,488,024","521,779",6.97,Dec-19,8.32,Dec-19,"30,443",Dec-19,"24,610",Dec-18,"21,241",Dec-17
한미반도체,"22,250",-400,-1.77,"922,524",-1.77,A042700,"922,524","2,059,504",11.4,Dec-19,16,Dec-19,"120,377",Dec-19,"217,114",Dec-18,"197,300",Dec-17
바텍,"26,700",-50,-0.19,"115,924",-0.19,A043150,"115,924","308,018",15.78,Dec-19,13.1,Dec-19,"271,702",Dec-19,"234,393",Dec-18,"218,808",Dec-17
조광ILI,"9,140",30,0.33,"201,800",0.33,A044060,"201,800","179,376",17.11,Dec-19,14.48,Dec-19,"24,534",Dec-19,"24,602",Dec-18,"20,369",Dec-17
위닉스,"25,700",200,0.78,"153,482",0.78,A044340,"153,482","387,590",13.31,Dec-19,10.32,Dec-19,"386,234",Dec-19,"330,556",Dec-18,"260,728",Dec-17
KSS해운,"11,150",450,4.21,"499,858",4.21,A044450,"499,858","548,051",22.89,Dec-19,10.05,Dec-19,"231,240",Dec-19,"202,504",Dec-18,"177,565",Dec-17
오공,"4,575",-25,-0.54,"69,604",-0.54,A045060,"69,604","31,805",5.88,Dec-19,5.03,Dec-19,"151,927",Dec-19,"150,657",Dec-18,"149,593",Dec-17
성우테크론,"5,300",-140,-2.57,"144,378",-2.57,A045300,"144,378","76,178",6.68,Dec-19,13.79,Dec-19,"32,959",Dec-19,"39,516",Dec-18,"38,160",Dec-17
크린앤사이언스,"27,400",300,1.11,"34,738",1.11,A045520,"34,738","93,447",9.2,Dec-19,6.86,Dec-19,"118,318",Dec-19,"95,238",Dec-18,"77,107",Dec-17
한일네트웍스,"5,450",-250,-4.39,"477,049",-4.39,A046110,"477,049","259,299",7.17,Dec-19,5.79,Dec-19,"121,634",Dec-19,"126,602",Dec-18,"114,219",Dec-17
백금T&A,"3,065",-45,-1.45,"142,045",-1.45,A046310,"142,045","43,323",11.86,Dec-19,5.66,Dec-19,"155,629",Dec-19,"112,217",Dec-18,"101,998",Dec-17
KG모빌리언스,"10,050",100,1.01,"300,867",1.01,A046440,"300,867","297,653",18.1,Dec-19,9.16,Dec-19,"192,191",Dec-19,"202,941",Dec-18,"170,595",Dec-17
코데즈컴바인,"2,440",-40,-1.61,"250,772",-1.61,A047770,"250,772","61,739",12.6,Dec-19,19.28,Dec-19,"35,815",Dec-19,"29,343",Dec-18,"21,234",Dec-17
한국항공우주,"33,350",-750,-2.2,"901,876",-2.2,A047810,"901,876","2,974,981",8.86,Dec-19,5.41,Dec-19,"3,110,157",Dec-19,"2,786,023",Dec-18,"2,072,249",Dec-17
인탑스,"30,700",-100,-0.32,"167,970",-0.32,A049070,"167,970","502,123",7.76,Dec-19,6.63,Dec-19,"910,477",Dec-19,"715,562",Dec-18,"687,484",Dec-17
고려신용정보,"6,030",-10,-0.17,"60,394",-0.17,A049720,"60,394","36,125",6.94,Dec-19,5.69,Dec-19,"116,456",Dec-19,"103,511",Dec-18,"87,786",Dec-17
쎌바이오텍,"19,400",-700,-3.48,"143,671",-3.48,A049960,"143,671","290,351",12.61,Dec-19,15.73,Dec-19,"45,959",Dec-19,"62,543",Dec-18,"61,056",Dec-17
에스폴리텍,"5,360",-40,-0.74,"47,510",-0.74,A050760,"47,510","25,327",11.05,Dec-19,7.95,Dec-19,"135,032",Dec-19,"136,887",Dec-18,"122,283",Dec-17
수산아이앤티,"27,000","-1,550",-5.43,"601,428",-5.43,A050960,"601,428","1,655,597",17.44,Dec-19,18.14,Dec-19,"16,000",Dec-19,"16,268",Dec-18,"16,391",Dec-17
토비스,"7,350",20,0.27,"58,683",0.27,A051360,"58,683","42,893",7.32,Dec-19,5.26,Dec-19,"418,881",Dec-19,"430,178",Dec-18,"522,718",Dec-17
한전KPS,"27,800",50,0.18,"194,660",0.18,A051600,"194,660","539,572",15.55,Dec-19,12.3,Dec-19,"1,246,949",Dec-19,"1,242,452",Dec-18,"1,236,779",Dec-17
LG생활건강,"1,511,000","15,000",1,"39,195",1,A051900,"39,195","5,830,957",15.56,Dec-20,10.36,Dec-20,"7,844,506",Dec-20,"7,685,424",Dec-19,"6,747,536",Dec-18
현대바이오랜드,"23,050",300,1.32,"100,284",1.32,A052260,"100,284","229,112",13.6,Dec-19,10.2,Dec-19,"106,310",Dec-19,"100,589",Dec-18,"102,557",Dec-17
코텍,"10,050",50,0.5,"114,229",0.5,A052330,"114,229","114,251",11.61,Dec-19,10.78,Dec-19,"285,258",Dec-19,"346,599",Dec-18,"327,482",Dec-17
코나아이,"40,100",-300,-0.74,"87,834",-0.74,A052400,"87,834","346,833",13.8,Dec-20,13.81,Dec-20,"137,780",Dec-20,"121,962",Dec-19,"89,944",Dec-18
한전기술,"19,750",650,3.4,"990,352",3.4,A052690,"990,352","1,948,724",9.82,Dec-19,5.88,Dec-19,"448,634",Dec-19,"433,700",Dec-18,"490,192",Dec-17
액토즈소프트,"8,290",-210,-2.47,"38,985",-2.47,A052790,"38,985","32,178",40.94,Dec-19,33.15,Dec-19,"62,665",Dec-19,"37,652",Dec-18,"55,399",Dec-17
아이앤씨,"4,125",-125,-2.94,"99,172",-2.94,A052860,"99,172","40,594",9.44,Dec-19,12.56,Dec-19,"45,567",Dec-19,"31,303",Dec-18,"42,928",Dec-17
바이넥스,"27,750",-650,-2.29,"2,087,930",-2.29,A053030,"2,087,930","5,898,873",9,Dec-19,6.69,Dec-19,"125,258",Dec-19,"104,043",Dec-18,"78,026",Dec-17
스카이라이프,"8,340",-30,-0.36,"47,327",-0.36,A053210,"47,327","39,330",9.98,Dec-19,8.06,Dec-19,"694,637",Dec-19,"690,820",Dec-18,"685,821",Dec-17
한국정보인증,"6,900",-110,-1.57,"225,231",-1.57,A053300,"225,231","155,185",21.76,Dec-19,16.76,Dec-19,"42,606",Dec-19,"38,912",Dec-18,"36,125",Dec-17
프로텍,"29,150",-100,-0.34,"66,780",-0.34,A053610,"66,780","192,425",25.59,Dec-19,20.8,Dec-19,"179,775",Dec-19,"153,993",Dec-18,"149,802",Dec-17
한미글로벌,"9,740",-30,-0.31,"69,389",-0.31,A053690,"69,389","66,699",8.28,Dec-19,7.94,Dec-19,"294,657",Dec-19,"207,721",Dec-18,"200,835",Dec-17
안랩,"94,600","-3,100",-3.17,"230,953",-3.17,A053800,"230,953","2,185,335",11.03,Dec-19,11.46,Dec-19,"166,992",Dec-19,"159,815",Dec-18,"150,259",Dec-17
한국컴퓨터,"4,070",-85,-2.05,"711,118",-2.05,A054040,"711,118","287,698",6.51,Dec-19,6.87,Dec-19,"110,390",Dec-19,"114,184",Dec-18,"221,319",Dec-17
텔레칩스,"19,050",200,1.06,"745,149",1.06,A054450,"745,149","1,409,534",5.78,Dec-19,6.29,Dec-19,"132,195",Dec-19,"126,098",Dec-18,"122,666",Dec-17
대한뉴팜,"10,950",100,0.92,"82,216",0.92,A054670,"82,216","89,532",15.44,Dec-19,11.36,Dec-19,"134,097",Dec-19,"119,527",Dec-18,"130,816",Dec-17
제이브이엠,"33,500",250,0.75,"17,587",0.75,A054950,"33,500","57,759",9.5,Dec-19,5.26,Dec-19,"110,144",Dec-19,"103,635",Dec-18,"106,175",Dec-17
테이팩스,"41,100",-100,-0.24,"149,952",-0.24,A055490,"149,952","622,971",7.35,Dec-19,6.78,Dec-19,"112,605",Dec-19,"108,498",Dec-18,"105,852",Dec-17
신한지주,"34,000",-50,-0.15,"4,464,423",-0.15,A055550,"4,464,423","15,312,215",16.82,Dec-19,12.14,Dec-19,"30,004,997",Dec-19,"23,811,935",Dec-18,"23,989,227",Dec-17
에스에프에이,"43,650",-150,-0.34,"95,967",-0.34,A056190,"95,967","414,627",13.58,Dec-19,9.32,Dec-19,"1,577,746",Dec-19,"1,560,055",Dec-18,"1,920,384",Dec-17
코위버,"9,360",-130,-1.37,"59,976",-1.37,A056360,"59,976","56,316",10.36,Dec-19,18.23,Dec-19,"113,131",Dec-19,"55,093",Dec-18,"54,336",Dec-17
KNN,"1,890",-45,-2.33,"993,116",-2.33,A058400,"993,116","188,728",10.83,Dec-20,10.8,Dec-20,"57,331",Dec-20,"71,120",Dec-19,"64,113",Dec-18
리노공업,"150,600","-5,300",-3.4,"60,879",-3.4,A058470,"60,879","918,186",37.65,Dec-19,31,Dec-19,"170,307",Dec-19,"150,354",Dec-18,"141,510",Dec-17
엠게임,"8,790",-90,-1.01,"12,054,817",-1.01,A058630,"12,054,817","10,937,788",19.26,Dec-19,20.57,Dec-19,"37,630",Dec-19,"27,118",Dec-18,"27,544",Dec-17
미코,"14,450",-350,-2.36,"502,349",-2.36,A059090,"502,349","726,363",16.19,Dec-19,9.3,Dec-19,"236,170",Dec-19,"227,421",Dec-18,"183,916",Dec-17
아진엑스텍,"7,590",-30,-0.39,"70,514",-0.39,A059120,"70,514","52,439",9.61,Dec-19,12,Dec-19,"20,619",Dec-19,"26,576",Dec-18,"30,704",Dec-17
메타바이오메드,"2,525",-55,-2.13,"123,138",-2.13,A059210,"123,138","31,049",9.69,Dec-19,6.01,Dec-19,"59,391",Dec-19,"52,585",Dec-18,"65,341",Dec-17
인선이엔티,"12,150",-50,-0.41,"462,720",-0.41,A060150,"462,720","554,979",16.1,Dec-19,9.05,Dec-19,"183,949",Dec-19,"175,954",Dec-18,"160,280",Dec-17
NHN한국사이버결제,"47,350",-600,-1.25,"133,505",-1.25,A060250,"133,505","625,309",6.83,Dec-19,5.21,Dec-19,"469,897",Dec-19,"432,658",Dec-18,"351,989",Dec-17
에스에이티,"2,460",-40,-1.6,"244,565",-1.6,A060540,"244,565","60,011",7.13,Dec-19,6.8,Dec-19,"140,167",Dec-19,"133,941",Dec-18,"97,309",Dec-17
한라홀딩스,"41,050",-600,-1.44,"50,960",-1.44,A060980,"50,960","207,392",9.45,Dec-19,5.14,Dec-19,"798,365",Dec-19,"886,548",Dec-18,"890,725",Dec-17
엘비세미콘,"13,500",550,4.25,"1,710,232",4.25,A061970,"1,710,232","2,256,726",12.92,Dec-19,9.36,Dec-19,"390,435",Dec-19,"275,662",Dec-18,"131,823",Dec-17
피피아이,"5,510",30,0.55,"68,215",0.55,A062970,"68,215","36,698",5.51,Dec-19,5.79,Dec-19,"48,631",Dec-19,"38,119",Dec-18,"24,377",Dec-17
종근당바이오,"73,800","4,100",5.88,"301,021",5.88,A063160,"301,021","2,156,903",11.23,Dec-19,8.94,Dec-19,"137,184",Dec-19,"124,510",Dec-18,"118,187",Dec-17
이엘피,"12,400",-700,-5.34,"79,243",-5.34,A063760,"79,243","98,778",8.32,Dec-19,10.91,Dec-19,"37,348",Dec-19,"50,838",Dec-18,"45,634",Dec-17
인텍플러스,"23,200",-200,-0.85,"104,088",-0.85,A064290,"104,088","238,708",11.55,Dec-19,13.61,Dec-19,"40,083",Dec-19,"16,109",Dec-18,"24,305",Dec-17
티씨케이,"159,600",-400,-0.25,"29,833",-0.25,A064760,"29,833","471,011",34.53,Dec-19,27.33,Dec-19,"171,378",Dec-19,"170,518",Dec-18,"130,310",Dec-17
S&T모티브,"63,100","-1,300",-2.02,"50,058",-2.02,A064960,"50,058","313,159",9.5,Dec-20,5.79,Dec-20,"940,745",Dec-20,"976,273",Dec-19,"918,910",Dec-18
탑엔지니어링,"9,150",-100,-1.08,"128,218",-1.08,A065130,"128,218","116,260",5.41,Dec-19,5.04,Dec-19,"1,305,900",Dec-19,"917,583",Dec-18,"176,055",Dec-17
위세아이텍,"14,050",-700,-4.75,"44,174",-4.75,A065370,"44,174","62,002",14.77,Dec-19,13.52,Dec-19,"19,719",Dec-19,"16,549",Dec-18,"16,177",Dec-17
휴비츠,"7,840",-90,-1.13,"36,226",-1.13,A065510,"36,226","28,302",13.32,Dec-19,9.47,Dec-19,"87,987",Dec-19,"78,861",Dec-18,"70,387",Dec-17
우주일렉트로,"23,900",-600,-2.45,"74,605",-2.45,A065680,"74,605","175,227",8.31,Dec-19,6.17,Dec-19,"191,008",Dec-19,"186,608",Dec-18,"207,604",Dec-17
디스플레이텍,"4,195",-90,-2.1,"69,915",-2.1,A066670,"69,915","29,393",15.07,Dec-19,12.38,Dec-19,"43,569",Dec-19,"57,286",Dec-18,"82,707",Dec-17
대화제약,"12,250",50,0.41,"71,417",0.41,A067080,"71,417","86,398",5.43,Dec-19,7.92,Dec-19,"114,609",Dec-19,"110,142",Dec-18,"122,199",Dec-17
아프리카TV,"77,400","-2,300",-2.89,"93,270",-2.89,A067160,"93,270","726,203",21.88,Dec-19,20.35,Dec-19,"167,868",Dec-19,"126,627",Dec-18,"94,552",Dec-17
세이브존I&C,"3,135",-40,-1.26,"62,120",-1.26,A067830,"62,120","19,379",18.55,Dec-19,13.98,Dec-19,"159,226",Dec-19,"173,949",Dec-18,"178,421",Dec-17
와이엔텍,"15,900",50,0.32,"252,061",0.32,A067900,"252,061","396,000",26.52,Dec-19,18.68,Dec-19,"98,620",Dec-19,"76,070",Dec-18,"75,231",Dec-17
셀트리온,"301,500","-5,000",-1.63,"469,774",-1.63,A068270,"469,774","14,189,942",33.5,Dec-19,26.4,Dec-19,"1,128,459",Dec-19,"982,074",Dec-18,"949,079",Dec-17
일신바이오,"5,780",-110,-1.87,"923,653",-1.87,A068330,"923,653","524,350",26.56,Dec-19,24.19,Dec-19,"19,635",Dec-19,"15,383",Dec-18,"12,836",Dec-17
DMS,"8,310",60,0.73,"211,874",0.73,A068790,"211,874","173,588",11.57,Dec-19,8.78,Dec-19,"196,206",Dec-19,"298,717",Dec-18,"268,731",Dec-17
디지털대성,"7,550",-30,-0.4,"35,125",-0.4,A068930,"35,125","26,230",15,Dec-19,13.5,Dec-19,"140,630",Dec-19,"106,906",Dec-18,"89,840",Dec-17
웹젠,"38,250",900,2.41,"524,441",2.41,A069080,"524,441","1,995,837",29.42,Dec-19,23.95,Dec-19,"176,051",Dec-19,"218,877",Dec-18,"166,267",Dec-17
휴켐스,"22,950",-250,-1.08,"127,226",-1.08,A069260,"127,226","291,201",16.12,Dec-19,10.66,Dec-19,"659,772",Dec-19,"762,875",Dec-18,"715,764",Dec-17
현대백화점,"89,500","1,500",1.7,"593,463",1.7,A069960,"593,463","5,264,076",13.29,Dec-19,11.05,Dec-19,"2,198,949",Dec-19,"1,862,205",Dec-18,"1,848,140",Dec-17
한국금융지주,"86,300","-1,900",-2.15,"358,492",-2.15,A071050,"358,492","3,091,553",8.74,Dec-19,7.87,Dec-19,"10,771,324",Dec-19,"8,452,062",Dec-18,"6,621,975",Dec-17
인피니트헬스케어,"6,930",-80,-1.14,"86,469",-1.14,A071200,"86,469","59,958",9.52,Dec-19,9.78,Dec-19,"74,267",Dec-19,"64,315",Dec-18,"72,774",Dec-17
중앙백신,"15,800",-200,-1.25,"35,640",-1.25,A072020,"35,640","56,250",8.25,Dec-19,5.64,Dec-19,"32,902",Dec-19,"33,152",Dec-18,"31,866",Dec-17
에이치시티,"12,750",-100,-0.78,"57,049",-0.78,A072990,"57,049","72,040",15.21,Dec-19,12.83,Dec-19,"47,420",Dec-19,"36,429",Dec-18,"27,878",Dec-17
케이에스피,"1,540",15,0.98,"152,996",0.98,A073010,"152,996","22,993",6.25,Dec-19,5.59,Dec-19,"29,381",Dec-19,"16,783",Dec-18,"17,799",Dec-17
엘엠에스,"10,750",-250,-2.27,"85,164",-2.27,A073110,"85,164","90,188",5.79,Dec-19,6.81,Dec-19,"163,181",Dec-19,"109,393",Dec-18,"143,748",Dec-17
이노와이어리스,"48,450","1,350",2.87,"89,649",2.87,A073490,"89,649","428,803",15.84,Dec-19,13.57,Dec-19,"96,847",Dec-19,"64,034",Dec-18,"60,670",Dec-17
플랜티넷,"5,780",-190,-3.18,"128,842",-3.18,A075130,"128,842","74,265",11.67,Dec-19,11.33,Dec-19,"23,557",Dec-19,"23,236",Dec-18,"22,098",Dec-17
덕산하이메탈,"13,500",250,1.89,"228,799",1.89,A077360,"228,799","301,991",7.89,Dec-19,21.68,Dec-19,"51,758",Dec-19,"47,754",Dec-18,"45,074",Dec-17
대봉엘에스,"9,640",-100,-1.03,"36,169",-1.03,A078140,"36,169","34,621",10.57,Dec-19,8.97,Dec-19,"69,536",Dec-19,"71,823",Dec-18,"65,651",Dec-17
컴투스,"140,400","-2,100",-1.47,"79,165",-1.47,A078340,"79,165","1,108,023",26.84,Dec-19,23.35,Dec-19,"469,293",Dec-19,"481,754",Dec-18,"507,987",Dec-17
가비아,"15,000",-50,-0.33,"92,212",-0.33,A079940,"92,212","135,062",16.01,Dec-19,14.23,Dec-19,"148,306",Dec-19,"128,728",Dec-18,"116,217",Dec-17
동양이엔피,"17,850",-150,-0.83,"63,301",-0.83,A079960,"63,301","111,590",6.08,Dec-19,5.05,Dec-19,"482,668",Dec-19,"391,106",Dec-18,"424,716",Dec-17
에스엔유,"4,180",-85,-1.99,"277,985",-1.99,A080000,"277,985","115,645",13.88,Dec-19,12,Dec-19,"64,349",Dec-19,"82,572",Dec-18,"116,215",Dec-17
일진다이아,"43,950","-1,250",-2.77,"107,696",-2.77,A081000,"107,696","471,623",8.21,Dec-19,7.93,Dec-19,"161,062",Dec-19,"133,959",Dec-18,"118,912",Dec-17
휠라홀딩스,"42,100",-150,-0.36,"425,093",-0.36,A081660,"425,093","1,789,623",13.64,Dec-19,9.8,Dec-19,"3,450,421",Dec-19,"2,954,642",Dec-18,"2,530,323",Dec-17
비츠로셀,"15,400",-300,-1.91,"61,060",-1.91,A082920,"61,060","94,039",18.98,Dec-19,15.05,Dec-19,"133,438",Dec-19,"112,596",Dec-18,"25,219",Dec-17
GST,"18,900",450,2.44,"197,596",2.44,A083450,"197,596","367,728",13.02,Dec-19,10.68,Dec-19,"168,231",Dec-19,"129,850",Dec-18,"162,835",Dec-17
케이엠,"10,750",,0,"43,845",0,A083550,"43,845","46,857",5.63,Dec-19,5.01,Dec-19,"127,562",Dec-19,"118,311",Dec-18,"110,908",Dec-17
아바코,"13,250",-150,-1.12,"136,648",-1.12,A083930,"136,648","177,701",10.32,Dec-19,8.66,Dec-19,"226,084",Dec-19,"243,484",Dec-18,"186,078",Dec-17
휴온스글로벌,"27,650",50,0.18,"20,959",0.18,A084110,"20,959","57,755",16.22,Dec-19,12.76,Dec-19,"449,422",Dec-19,"378,687",Dec-18,"323,960",Dec-17
유진테크,"39,700","-1,550",-3.76,"236,037",-3.76,A084370,"236,037","931,287",11.59,Dec-19,5.26,Dec-19,"205,466",Dec-19,"220,177",Dec-18,"130,154",Dec-17
이월드,"3,730",-5,-0.13,"1,042,321",-0.13,A084680,"1,042,321","382,576",9.52,Dec-19,7.02,Dec-19,"183,199",Dec-19,"33,574",Dec-18,"35,025",Dec-17
아이티엠반도체,"46,750",-100,-0.21,"44,387",-0.21,A084850,"44,387","204,023",13.45,Dec-19,10.48,Dec-19,"397,697",Dec-19,"228,237",Dec-18,"201,876",Dec-17
유니테스트,"23,850",-200,-0.83,"189,445",-0.83,A086390,"189,445","445,758",15.11,Dec-19,12.82,Dec-19,"198,326",Dec-19,"282,306",Dec-18,"168,553",Dec-17
동국제약,"29,250",50,0.17,"131,910",0.17,A086450,"131,910","379,218",14.22,Dec-19,12.24,Dec-19,"482,280",Dec-19,"400,807",Dec-18,"354,767",Dec-17
에코프로,"69,800",-100,-0.14,"296,336",-0.14,A086520,"296,336","2,053,640",6.81,Dec-19,5.32,Dec-19,"702,272",Dec-19,"669,407",Dec-18,"329,012",Dec-17
비엠티,"11,650",200,1.75,"112,802",1.75,A086670,"112,802","127,393",8.57,Dec-19,7.24,Dec-19,"74,362",Dec-19,"76,878",Dec-18,"63,638",Dec-17
하나금융지주,"38,550",-150,-0.39,"2,917,481",-0.39,A086790,"2,917,481","11,382,718",8.43,Dec-19,6.28,Dec-19,"38,650,143",Dec-19,"32,515,947",Dec-18,"39,171,133",Dec-17
메디톡스,"211,000","8,900",4.4,"202,105",4.4,A086900,"202,105","4,193,765",12.48,Dec-19,12.42,Dec-19,"205,900",Dec-19,"205,444",Dec-18,"181,239",Dec-17
동아엘텍,"9,060",-50,-0.55,"88,398",-0.55,A088130,"88,398","80,083",9.76,Dec-19,7.53,Dec-19,"202,944",Dec-19,"253,511",Dec-18,"250,506",Dec-17
맥쿼리인프라,"11,100",-50,-0.45,"600,483",-0.45,A088980,"600,483","668,278",78.01,Dec-17,78.01,Dec-17,"240,046",Dec-17,"226,781",Dec-16,"219,488",Dec-15
테크윙,"21,150",-450,-2.08,"202,504",-2.08,A089030,"202,504","424,559",13.06,Dec-19,6.05,Dec-19,"186,865",Dec-19,"193,710",Dec-18,"222,772",Dec-17
넥스턴,"15,100",150,1,"66,053",1,A089140,"66,053","99,476",9.24,Dec-19,17.75,Dec-19,"32,446",Dec-19,"26,649",Dec-18,"43,707",Dec-17
나스미디어,"36,000","-1,000",-2.7,"88,849",-2.7,A089600,"88,849","317,573",26.12,Dec-19,19.22,Dec-19,"117,006",Dec-19,"106,607",Dec-18,"120,275",Dec-17
제이티,"8,440",-200,-2.31,"184,097",-2.31,A089790,"184,097","153,091",14.52,Dec-19,8.94,Dec-19,"42,388",Dec-19,"33,635",Dec-18,"32,193",Dec-17
코세스,"7,300",170,2.38,"152,962",2.38,A089890,"152,962","107,830",11.69,Dec-19,9.52,Dec-19,"65,578",Dec-19,"65,510",Dec-18,"40,922",Dec-17
에이피티씨,"20,300",50,0.25,"179,771",0.25,A089970,"179,771","353,920",31.84,Dec-20,25.12,Dec-20,"93,030",Dec-20,"59,326",Dec-19,"61,038",Dec-18
상아프론테크,"45,350","-1,000",-2.16,"130,016",-2.16,A089980,"130,016","586,593",8,Dec-19,6.69,Dec-19,"186,171",Dec-19,"182,073",Dec-18,"153,236",Dec-17
비에이치,"17,750",-200,-1.11,"294,106",-1.11,A090460,"294,106","517,476",9.55,Dec-19,8.64,Dec-19,"654,853",Dec-19,"767,882",Dec-18,"691,341",Dec-17
이지웰,"10,100",-50,-0.49,"81,958",-0.49,A090850,"81,958","82,000",11.43,Dec-19,5.7,Dec-19,"82,316",Dec-19,"73,064",Dec-18,"58,370",Dec-17
텔레필드,"3,810",-40,-1.04,"70,088",-1.04,A091440,"70,088","26,626",10.06,Dec-19,8.65,Dec-19,"56,538",Dec-19,"30,225",Dec-18,"37,433",Dec-17
파트론,"10,900",50,0.46,"762,695",0.46,A091700,"762,695","813,203",8.38,Dec-19,5.11,Dec-19,"1,254,596",Dec-19,"796,482",Dec-18,"790,259",Dec-17
셀트리온헬스케어,"129,200","-1,700",-1.3,"932,874",-1.3,A091990,"932,874","12,054,845",7.52,Dec-19,5.9,Dec-19,"1,100,877",Dec-19,"713,487",Dec-18,"920,921",Dec-17
기신정기,"3,885",-25,-0.64,"75,299",-0.64,A092440,"75,299","29,166",7.43,Mar-20,6.97,Mar-20,"124,649",Mar-20,"118,992",Mar-19,"106,415",Mar-18
네오팜,"32,050",-300,-0.93,"28,335",-0.93,A092730,"28,335","90,404",27.58,Dec-19,23.12,Dec-19,"83,240",Dec-19,"66,274",Dec-18,"53,633",Dec-17
케이아이엔엑스,"76,700","1,700",2.27,"36,419",2.27,A093320,"36,419","269,599",25.48,Dec-19,24.25,Dec-19,"64,639",Dec-19,"56,304",Dec-18,"47,286",Dec-17
매커스,"5,280",-100,-1.86,"160,915",-1.86,A093520,"160,915","83,622",10.35,Dec-19,8.35,Dec-19,"57,482",Dec-19,"89,614",Dec-18,"87,364",Dec-17
일진파워,"5,290",,0,"32,065",0,A094820,"32,065","16,891",7.86,Dec-19,6.44,Dec-19,"182,759",Dec-19,"157,590",Dec-18,"140,744",Dec-17
슈프리마에이치큐,"7,790",-240,-2.99,"87,996",-2.99,A094840,"87,996","69,127",7.71,Dec-19,31.49,Dec-19,"26,159",Dec-19,"32,101",Dec-18,"27,495",Dec-17
참좋은여행,"11,600",50,0.43,"266,799",0.43,A094850,"266,799","305,811",11.5,Dec-19,36.88,Dec-19,"62,056",Dec-19,"65,012",Dec-18,"56,507",Dec-17
테스,"32,000",-750,-2.29,"887,306",-2.29,A095610,"887,306","2,804,378",6.59,Dec-19,5.47,Dec-19,"178,374",Dec-19,"287,069",Dec-18,"275,790",Dec-17
네오위즈,"21,850",-450,-2.02,"158,821",-2.02,A095660,"158,821","348,819",12.8,Dec-19,10.85,Dec-19,"254,498",Dec-19,"215,490",Dec-18,"174,045",Dec-17
청담러닝,"19,150",-300,-1.54,"160,977",-1.54,A096240,"160,977","315,115",12.94,Dec-19,6.4,Dec-19,"174,974",Dec-19,"152,690",Dec-18,"147,363",Dec-17
씨젠,"122,900","-3,500",-2.77,"279,088",-2.77,A096530,"279,088","3,431,217",18.39,Dec-19,21.9,Dec-19,"121,953",Dec-19,"102,264",Dec-18,"88,919",Dec-17
한진중공업,"7,000",-50,-0.71,"67,337",-0.71,A097230,"67,337","46,896",5.15,Dec-19,18.8,Dec-19,"1,628,751",Dec-19,"1,697,869",Dec-18,"1,647,652",Dec-17
엠씨넥스,"54,200",-200,-0.37,"379,431",-0.37,A097520,"379,431","2,014,455",8.92,Dec-19,6.67,Dec-19,"1,267,712",Dec-19,"696,954",Dec-18,"668,465",Dec-17
윈팩,"2,745",55,2.04,"2,693,294",2.04,A097800,"2,693,294","744,571",7.99,Dec-19,9.49,Dec-19,"97,926",Dec-19,"67,512",Dec-18,"47,151",Dec-17
효성오앤비,"7,750",-30,-0.39,"38,565",-0.39,A097870,"38,565","29,706",6.97,Jun-20,5.05,Jun-20,"29,294",Jun-20,"28,376",Jun-19,"30,206",Jun-18
고영,"112,500","-4,700",-4.01,"47,108",-4.01,A098460,"47,108","533,245",15.01,Dec-19,13.31,Dec-19,"222,057",Dec-19,"238,208",Dec-18,"203,368",Dec-17
아이센스,"23,900",-50,-0.21,"34,587",-0.21,A099190,"34,587","82,220",15.89,Dec-19,12.25,Dec-19,"189,844",Dec-19,"172,996",Dec-18,"156,963",Dec-17
쎄트렉아이,"61,800",-200,-0.32,"194,378",-0.32,A099320,"194,378","1,169,864",13.17,Dec-19,10.48,Dec-19,"70,228",Dec-19,"46,132",Dec-18,"42,762",Dec-17
뷰웍스,"32,300",-150,-0.46,"33,066",-0.46,A100120,"33,066","106,334",19.43,Dec-19,17.88,Dec-19,"136,009",Dec-19,"131,403",Dec-18,"123,460",Dec-17
진양홀딩스,"2,745",-10,-0.36,"61,660",-0.36,A100250,"61,660","16,896",5.71,Dec-19,10.16,Dec-19,"225,284",Dec-19,"241,827",Dec-18,"265,225",Dec-17
세운메디칼,"5,740",-110,-1.88,"1,834,021",-1.88,A100700,"1,834,021","1,053,091",25.29,Dec-19,14.92,Dec-19,"66,868",Dec-19,"63,120",Dec-18,"61,230",Dec-17
미래에셋벤처투자,"6,590",-190,-2.8,"548,957",-2.8,A100790,"548,957","360,522",17.67,Dec-19,15.05,Dec-19,"92,092",Dec-19,"102,286",Dec-18,"16,289",Dec-17
월덱스,"22,850",950,4.34,"995,142",4.34,A101160,"995,142","2,239,444",19.93,Dec-19,16.54,Dec-19,"117,442",Dec-19,"105,542",Dec-18,"88,763",Dec-17
씨큐브,"8,520",70,0.83,"67,938",0.83,A101240,"67,938","57,276",17.31,Dec-19,13.29,Dec-19,"44,746",Dec-19,"41,389",Dec-18,"40,171",Dec-17
에스앤에스텍,"33,050",-500,-1.49,"188,511",-1.49,A101490,"188,511","611,522",13.14,Dec-19,11.96,Dec-19,"84,466",Dec-19,"61,016",Dec-18,"53,899",Dec-17
어보브반도체,"13,400",-350,-2.55,"315,185",-2.55,A102120,"315,185","418,694",10.98,Dec-19,10.53,Dec-19,"126,805",Dec-19,"109,543",Dec-18,"105,824",Dec-17
이엔에프테크놀로지,"39,950","-2,250",-5.33,"532,762",-5.33,A102710,"532,762","2,140,464",12.4,Dec-19,9.72,Dec-19,"481,013",Dec-19,"425,448",Dec-18,"387,027",Dec-17
디와이피엔에프,"25,650",50,0.2,"44,910",0.2,A104460,"44,910","113,758",17.11,Dec-19,12.73,Dec-19,"165,590",Dec-19,"112,079",Dec-18,"95,411",Dec-17
코렌텍,"21,500",200,0.94,"386,750",0.94,A104540,"386,750","834,249",8.17,Dec-19,6.23,Dec-19,"40,189",Dec-19,"33,405",Dec-18,"37,634",Dec-17
원익머트리얼즈,"34,600",-550,-1.56,"85,273",-1.56,A104830,"85,273","293,176",16.32,Dec-19,12.73,Dec-19,"220,839",Dec-19,"233,464",Dec-18,"203,032",Dec-17
KB금융,"47,000","1,200",2.62,"4,056,148",2.62,A105560,"4,056,148","18,971,092",9.52,Dec-19,7.02,Dec-19,"47,169,682",Dec-19,"42,027,106",Dec-18,"39,229,265",Dec-17
디케이락,"13,000",,0,"54,939",0,A105740,"54,939","70,405",13.23,Dec-19,11.42,Dec-19,"74,368",Dec-19,"66,504",Dec-18,"53,555",Dec-17
대양전기공업,"15,950",-300,-1.85,"57,176",-1.85,A108380,"57,176","89,984",8.4,Dec-19,7.06,Dec-19,"176,919",Dec-19,"122,939",Dec-18,"143,063",Dec-17
로보티즈,"17,250",,0,"124,177",0,A108490,"124,177","209,621",6.67,Dec-19,9.83,Dec-19,"25,231",Dec-19,"24,266",Dec-18,"17,913",Dec-17
디에스케이,"6,480",-30,-0.46,"26,188",-0.46,A109740,"26,188","16,881",7.16,Dec-19,5.09,Dec-19,"76,480",Dec-19,"117,907",Dec-18,"103,291",Dec-17
디아이티,"9,420",90,0.96,"31,691",0.96,A110990,"31,691","29,550",11.08,Dec-19,11.09,Dec-19,"118,760",Dec-19,"76,871",Dec-18,"85,994",Dec-17
남화산업,"12,450",350,2.89,"387,768",2.89,A111710,"387,768","479,095",36.95,Dec-19,20.52,Dec-19,"15,007",Dec-19,"13,448",Dec-18,"14,214",Dec-17
영원무역,"42,900",-50,-0.12,"154,154",-0.12,A111770,"154,154","652,852",9.95,Dec-19,7.3,Dec-19,"2,388,266",Dec-19,"2,101,268",Dec-18,"2,009,311",Dec-17
GKL,"17,250",200,1.17,"1,126,600",1.17,A114090,"1,126,600","1,927,880",19.73,Dec-19,14.75,Dec-19,"490,752",Dec-19,"480,339",Dec-18,"501,295",Dec-17
연우,"26,000",-100,-0.38,"25,869",-0.38,A115960,"25,869","66,602",7.63,Dec-19,5.7,Dec-19,"294,610",Dec-19,"272,929",Dec-18,"229,295",Dec-17
인터로조,"21,100",100,0.48,"32,459",0.48,A119610,"32,459","68,081",24.43,Dec-19,18.96,Dec-19,"92,568",Dec-19,"79,428",Dec-18,"80,618",Dec-17
다나와,"32,850",-650,-1.94,"52,661",-1.94,A119860,"52,661","172,470",17.07,Dec-19,14.12,Dec-19,"166,960",Dec-19,"106,301",Dec-18,"107,606",Dec-17
대정화금,"27,300",-650,-2.33,"38,165",-2.33,A120240,"38,165","104,332",13.02,Dec-19,7.62,Dec-19,"79,606",Dec-19,"73,830",Dec-18,"66,494",Dec-17
나노신소재,"27,000",-400,-1.46,"195,784",-1.46,A121600,"195,784","516,682",10.52,Dec-19,11.86,Dec-19,"48,892",Dec-19,"52,249",Dec-18,"45,568",Dec-17
제노레이,"9,460",260,2.83,"559,647",2.83,A122310,"559,647","536,623",18.03,Dec-20,16.48,Dec-20,"61,688",Dec-20,"65,105",Dec-19,"56,289",Dec-18
KMH,"11,300",-100,-0.88,"888,223",-0.88,A122450,"888,223","1,042,277",17.4,Dec-19,9.53,Dec-19,"258,032",Dec-19,"192,602",Dec-18,"165,147",Dec-17
와이솔,"13,550",-100,-0.73,"269,596",-0.73,A122990,"269,596","360,572",10.78,Dec-19,8.21,Dec-19,"370,317",Dec-19,"366,249",Dec-18,"446,122",Dec-17
한국자산신탁,"3,980",-30,-0.75,"352,881",-0.75,A123890,"352,881","141,222",51.09,Dec-19,40.13,Dec-19,"223,263",Dec-19,"226,570",Dec-18,"222,484",Dec-17
현대퓨처넷,"4,940","1,140",30,"36,709,897",30,A126560,"36,709,897","16,953,995",13.93,Dec-19,12.91,Dec-19,"292,866",Dec-19,"289,738",Dec-18,"290,236",Dec-17
아시아경제,"2,190",-5,-0.23,"91,423",-0.23,A127710,"91,423","19,825",8.53,Dec-19,10.64,Dec-19,"38,372",Dec-19,"38,402",Dec-18,"35,946",Dec-17
한미약품,"312,000","-6,500",-2.04,"51,084",-2.04,A128940,"51,084","1,597,046",9.33,Dec-19,5.73,Dec-19,"1,113,649",Dec-19,"1,015,962",Dec-18,"916,586",Dec-17
한전산업,"4,570",-80,-1.72,"141,642",-1.72,A130660,"141,642","64,568",6.87,Dec-19,5.51,Dec-19,"313,566",Dec-19,"262,536",Dec-18,"337,995",Dec-17
디에이치피코리아,"7,890",-90,-1.13,"71,566",-1.13,A131030,"71,566","56,215",25.13,Dec-19,24.15,Dec-19,"60,441",Dec-19,"49,624",Dec-18,"49,808",Dec-17
티에스이,"49,050",-350,-0.71,"134,110",-0.71,A131290,"134,110","642,754",10.78,Dec-19,8.35,Dec-19,"191,490",Dec-19,"184,431",Dec-18,"185,749",Dec-17
알서포트,"8,500",-100,-1.16,"263,071",-1.16,A131370,"263,071","222,812",20.36,Dec-19,31.14,Dec-19,"28,486",Dec-19,"24,704",Dec-18,"23,077",Dec-17
피앤이솔루션,"21,400",-100,-0.47,"371,980",-0.47,A131390,"371,980","787,675",12.07,Dec-19,10.82,Dec-19,"147,158",Dec-19,"102,753",Dec-18,"73,627",Dec-17
테스나,"45,200",-450,-0.99,"218,855",-0.99,A131970,"218,855","971,820",24.98,Dec-19,22.12,Dec-19,"96,831",Dec-19,"65,267",Dec-18,"47,188",Dec-17
윈스,"16,250",50,0.31,"79,273",0.31,A136540,"79,273","126,532",18.75,Dec-19,18.25,Dec-19,"82,104",Dec-19,"70,658",Dec-18,"71,987",Dec-17
제이씨케미칼,"6,130",-80,-1.29,"310,005",-1.29,A137950,"310,005","187,044",6.41,Dec-19,5.76,Dec-19,"202,369",Dec-19,"181,260",Dec-18,"171,757",Dec-17
오이솔루션,"45,400","1,400",3.18,"119,575",3.18,A138080,"119,575","538,926",27.71,Dec-19,21.91,Dec-19,"210,283",Dec-19,"81,504",Dec-18,"76,593",Dec-17
BNK금융지주,"6,260",-130,-2.03,"2,501,543",-2.03,A138930,"2,501,543","1,584,150",15.28,Dec-19,11.34,Dec-19,"5,279,524",Dec-19,"5,098,607",Dec-18,"4,809,784",Dec-17
DGB금융지주,"7,520",-60,-0.79,"1,580,776",-0.79,A139130,"1,580,776","1,197,159",8.72,Dec-19,7.32,Dec-19,"4,955,043",Dec-19,"4,157,527",Dec-18,"3,641,768",Dec-17
파크시스템스,"118,200","-2,800",-2.31,"59,113",-2.31,A140860,"59,113","692,114",15.46,Dec-19,16.37,Dec-19,"51,973",Dec-19,"41,810",Dec-18,"32,882",Dec-17
비아트론,"11,200",-200,-1.75,"180,969",-1.75,A141000,"180,969","199,949",7.58,Dec-19,9.61,Dec-19,"49,953",Dec-19,"129,129",Dec-18,"100,780",Dec-17
레고켐바이오,"56,600","-1,400",-2.41,"235,228",-2.41,A141080,"235,228","1,326,543",21.66,Dec-19,29.35,Dec-19,"54,521",Dec-19,"22,884",Dec-18,"20,876",Dec-17
사람인에이치알,"29,600",-400,-1.33,"18,988",-1.33,A143240,"23,667","56,057",29.17,Dec-19,27.21,Dec-19,"93,567",Dec-19,"86,145",Dec-18,"81,347",Dec-17
뉴파워프라즈마,"6,150",20,0.33,"238,206",0.33,A144960,"238,206","144,688",6.07,Dec-19,8.8,Dec-19,"60,165",Dec-19,"73,411",Dec-18,"104,494",Dec-17
휴젤,"162,100","2,100",1.31,"114,591",1.31,A145020,"114,591","1,822,984",33.28,Dec-19,24.57,Dec-19,"204,567",Dec-19,"182,391",Dec-18,"182,085",Dec-17
덴티움,"61,900","1,800",3,"116,629",3,A145720,"116,629","705,767",17.68,Dec-19,5.43,Dec-19,"252,587",Dec-19,"186,316",Dec-18,"150,645",Dec-17
제룡산업,"6,390",-10,-0.16,"44,093",-0.16,A147830,"44,093","27,897",5.48,Dec-19,9.38,Dec-19,"27,124",Dec-19,"32,042",Dec-18,"34,296",Dec-17
세경하이테크,"21,050",,0,"49,014",0,A148150,"49,014","101,561",8.31,Dec-19,7.51,Dec-19,"281,348",Dec-19,"256,592",Dec-18,"102,214",Dec-17
아바텍,"17,050",650,3.96,"154,830",3.96,A149950,"154,830","246,183",7.2,Dec-19,9.6,Dec-19,"75,410",Dec-19,"74,333",Dec-18,"95,628",Dec-17
하이로닉,"5,710",-120,-2.06,"141,565",-2.06,A149980,"141,565","80,353",12.98,Dec-19,15.15,Dec-19,"20,128",Dec-19,"20,327",Dec-18,"18,132",Dec-17
KG ETS,"6,160",,0,"997,162",0,A151860,"997,162","610,472",9.86,Dec-19,60.78,Dec-19,"160,879",Dec-19,"123,739",Dec-18,"108,801",Dec-17
한국타이어앤테크놀로지,"46,400","-1,600",-3.33,"574,812",-3.33,A161390,"574,812","2,659,239",7.9,Dec-19,6.24,Dec-19,"6,883,268",Dec-19,"6,795,088",Dec-18,"6,812,857",Dec-17
하나머티리얼즈,"33,800",-600,-1.74,"191,679",-1.74,A166090,"191,679","640,511",26.41,Dec-19,17.86,Dec-19,"154,826",Dec-19,"165,203",Dec-18,"102,914",Dec-17
엠브레인,"8,880",-130,-1.44,"112,032",-1.44,A169330,"112,032","99,000",11.23,Jun-20,9.36,Jun-20,"41,119",Jun-20,"39,074",Jun-19,"35,086",Jun-18
파이오링크,"12,650",-100,-0.78,"46,706",-0.78,A170790,"46,706","58,455",11.82,Dec-19,16.01,Dec-19,"35,120",Dec-19,"27,358",Dec-18,"29,431",Dec-17
동아에스티,"82,800",,0,"21,655",0,A170900,"21,655","178,429",9.24,Dec-19,11.58,Dec-19,"612,310",Dec-19,"567,433",Dec-18,"555,026",Dec-17
램테크놀러지,"6,270",20,0.32,"42,701",0.32,A171010,"42,701","26,618",10.35,Dec-19,7.31,Dec-19,"43,411",Dec-19,"32,617",Dec-18,"24,427",Dec-17
선익시스템,"18,600",,0,"10,751,389",0,A171090,"10,751,389","21,364,941",13.03,Dec-19,8.15,Dec-19,"87,647",Dec-19,"117,997",Dec-18,"123,595",Dec-17
라이온켐텍,"8,180",170,2.12,"119,517",2.12,A171120,"119,517","96,121",7.39,Dec-19,6.86,Dec-19,"156,075",Dec-19,"137,943",Dec-18,"131,372",Dec-17
JB금융지주,"6,020",-40,-0.66,"551,962",-0.66,A175330,"551,962","334,264",20.14,Dec-19,15.04,Dec-19,"2,408,406",Dec-19,"2,448,929",Dec-18,"2,291,918",Dec-17
서진시스템,"43,900","4,700",11.99,"1,396,408",11.99,A178320,"1,396,408","5,922,348",13.86,Dec-19,12.49,Dec-19,"392,360",Dec-19,"324,577",Dec-18,"237,945",Dec-17
PI첨단소재,"42,750",-250,-0.58,"242,344",-0.58,A178920,"242,344","1,013,746",15.02,Dec-19,7.92,Dec-19,"223,682",Dec-19,"245,472",Dec-18,"216,379",Dec-17
엠아이텍,"4,440",-60,-1.33,"158,217",-1.33,A179290,"158,217","69,741",10.32,Dec-19,11.22,Dec-19,"32,654",Dec-19,"29,599",Dec-18,"22,540",Dec-17
유티아이,"16,950",,0,"55,108",0,A179900,"55,108","90,551",10.03,Dec-19,7.79,Dec-19,"63,087",Dec-19,"47,977",Dec-18,"50,909",Dec-17
코미코,"55,000","-1,800",-3.17,"77,670",-3.17,A183300,"77,670","422,914",19.9,Dec-19,13.15,Dec-19,"173,461",Dec-19,"166,567",Dec-18,"125,056",Dec-17
그린플러스,"12,500",,0,"86,868",0,A186230,"86,868","106,501",10.4,Dec-19,5.19,Dec-19,"48,831",Dec-19,"46,357",Dec-18,"43,782",Dec-17
디바이스이엔지,"37,700",-300,-0.79,"99,058",-0.79,A187870,"99,058","369,385",10.22,Dec-19,10.76,Dec-19,"43,228",Dec-19,"93,160",Dec-18,"115,287",Dec-17
인텔리안테크,"76,500","-3,300",-4.14,"326,960",-4.14,A189300,"326,960","2,459,300",6.97,Dec-19,6.79,Dec-19,"117,971",Dec-19,"109,807",Dec-18,"83,722",Dec-17
포시에스,"7,220",-80,-1.1,"22,300",-1.1,A189690,"22,300","15,889",22.06,Jun-20,23.63,Jun-20,"21,699",Jun-20,"19,745",Jun-19,"18,083",Jun-18
흥국에프엔비,"3,360",220,7.01,"19,321,901",7.01,A189980,"19,321,901","6,520,863",10.81,Dec-19,9.86,Dec-19,"53,767",Dec-19,"47,651",Dec-18,"44,898",Dec-17
더블유게임즈,"55,700",-300,-0.54,"48,234",-0.54,A192080,"48,234","267,179",30.09,Dec-19,21.46,Dec-19,"513,847",Dec-19,"483,010",Dec-18,"319,345",Dec-17
케이사인,"2,170",-40,-1.81,"10,787,926",-1.81,A192250,"10,787,926","2,291,226",14.55,Dec-19,14.02,Dec-19,"26,004",Dec-19,"23,685",Dec-18,"26,489",Dec-17
슈피겐코리아,"58,500",-700,-1.18,"33,365",-1.18,A192440,"33,365","194,252",14.29,Dec-19,13.05,Dec-19,"308,557",Dec-19,"266,865",Dec-18,"224,993",Dec-17
노바렉스,"40,400",350,0.87,"54,565",0.87,A194700,"54,565","216,878",10.25,Dec-19,9.11,Dec-19,"159,100",Dec-19,"107,311",Dec-18,"80,853",Dec-17
엔피디,"3,840",-20,-0.52,"69,235",-0.52,A198080,"69,235","26,541",8.5,Dec-19,5.22,Dec-19,"308,704",Dec-19,"259,266",Dec-18,"151,756",Dec-17
콜마비앤에이치,"49,250",-550,-1.1,"165,005",-1.1,A200130,"165,005","804,683",16.88,Dec-19,12.47,Dec-19,"438,905",Dec-19,"386,365",Dec-18,"337,569",Dec-17
에이팩트,"6,850",20,0.29,"120,821",0.29,A200470,"120,821","81,915",17.44,Dec-19,8.94,Dec-19,"46,841",Dec-19,"47,115",Dec-18,"22,643",Dec-17
휴메딕스,"22,650",50,0.22,"45,263",0.22,A200670,"45,263","101,714",16.89,Dec-19,15.43,Dec-19,"78,618",Dec-19,"64,831",Dec-18,"54,727",Dec-17
비씨월드제약,"17,700",-150,-0.84,"37,180",-0.84,A200780,"37,180","65,885",5.75,Dec-20,5.61,Dec-20,"56,933",Dec-20,"51,733",Dec-19,"55,114",Dec-18
미투온,"6,930",-220,-3.08,"1,848,319",-3.08,A201490,"1,848,319","1,300,850",33.97,Dec-19,23.4,Dec-19,"119,101",Dec-19,"98,771",Dec-18,"27,209",Dec-17
유니온커뮤니티,"4,285",-145,-3.27,"114,185",-3.27,A203450,"114,185","49,187",8.5,Dec-19,9.98,Dec-19,"40,989",Dec-19,"35,975",Dec-18,"37,341",Dec-17
드림시큐리티,"4,140",-30,-0.72,"1,424,234",-0.72,A203650,"1,424,234","584,229",6.15,Dec-19,8.77,Dec-19,"28,815",Dec-19,"28,316",Dec-18,"24,768",Dec-17
제이앤티씨,"10,050",50,0.5,"105,922",0.5,A204270,"105,922","105,342",24.72,Dec-19,22.71,Dec-19,"386,150",Dec-19,"229,357",Dec-18,"268,255",Dec-17
글로벌텍스프리,"3,110",5,0.16,"195,237",0.16,A204620,"195,237","60,483",11.59,Dec-19,9.72,Dec-19,"59,766",Dec-19,"41,536",Dec-18,"32,962",Dec-17
엑셈,"4,410",-30,-0.68,"336,762",-0.68,A205100,"336,762","145,740",18.32,Dec-19,14.14,Dec-19,"34,454",Dec-19,"32,359",Dec-18,"33,716",Dec-17
베노홀딩스,"6,220",-30,-0.48,"76,086",-0.48,A206400,"76,086","46,840",17.11,Dec-19,11.75,Dec-19,"15,950",Dec-19,"15,012",Dec-18,"18,892",Dec-17
바디텍메드,"16,700",-200,-1.18,"132,319",-1.18,A206640,"132,319","219,025",20.63,Dec-19,16.34,Dec-19,"72,798",Dec-19,"66,204",Dec-18,"52,593",Dec-17
미스터블루,"10,100",-200,-1.94,"116,838",-1.94,A207760,"116,838","117,865",21.7,Dec-19,18.85,Dec-19,"63,888",Dec-19,"30,977",Dec-18,"30,160",Dec-17
삼성바이오로직스,"719,000","-29,000",-3.88,"140,641",-3.88,A207940,"140,641","10,131,395",13.08,Dec-19,28.92,Dec-19,"701,591",Dec-19,"535,805",Dec-18,"464,629",Dec-17
지란지교시큐리티,"5,760",-50,-0.86,"37,784",-0.86,A208350,"37,784","21,791",5.67,Dec-19,5.98,Dec-19,"61,524",Dec-19,"54,258",Dec-18,"43,594",Dec-17
바이오로그디바이스,"1,740",-25,-1.42,"1,246,072",-1.42,A208710,"1,246,072","214,669",7.79,Dec-19,6.79,Dec-19,"90,419",Dec-19,"81,464",Dec-18,"70,020",Dec-17
디와이파워,"15,350",-350,-2.23,"160,148",-2.23,A210540,"160,148","243,568",7.55,Dec-19,5.55,Dec-19,"343,476",Dec-19,"385,733",Dec-18,"324,494",Dec-17
SK디앤디,"36,400",-300,-0.82,"37,172",-0.82,A210980,"37,172","133,809",18.09,Dec-19,9.86,Dec-19,"454,720",Dec-19,"562,772",Dec-18,"330,812",Dec-17
덕산네오룩스,"39,700",-400,-1,"221,003",-1,A213420,"221,003","874,452",21.21,Dec-19,19.57,Dec-19,"97,873",Dec-19,"90,692",Dec-18,"100,405",Dec-17
클래시스,"13,450",-500,-3.58,"432,101",-3.58,A214150,"432,101","586,101",51.4,Dec-19,41.15,Dec-19,"81,133",Dec-19,"47,481",Dec-18,"34,868",Dec-17
민앤지,"17,200",-450,-2.55,"77,496",-2.55,A214180,"77,496","133,527",21.8,Dec-19,19.32,Dec-19,"123,737",Dec-19,"107,326",Dec-18,"80,478",Dec-17
퓨쳐스트림네트웍스,"1,160",10,0.87,"2,099,111",0.87,A214270,"2,099,111","240,965",5.32,Dec-19,5.94,Dec-19,"145,425",Dec-19,"111,455",Dec-18,"34,193",Dec-17
이노션,"60,400",100,0.17,"65,814",0.17,A214320,"65,814","392,339",9.56,Dec-19,7.42,Dec-19,"1,274,274",Dec-19,"1,239,176",Dec-18,"1,138,685",Dec-17
파마리서치프로덕트,"61,300",600,0.99,"65,197",0.99,A214450,"65,197","395,498",22.73,Dec-19,17.71,Dec-19,"83,871",Dec-19,"64,280",Dec-18,"54,469",Dec-17
메가스터디교육,"54,800","-1,200",-2.14,"74,679",-2.14,A215200,"74,679","408,513",13.64,Dec-19,11.07,Dec-19,"437,346",Dec-19,"356,852",Dec-18,"252,148",Dec-17
인크로스,"49,250",-250,-0.51,"79,346",-0.51,A216050,"79,346","385,730",35.43,Dec-19,27.03,Dec-19,"34,463",Dec-19,"35,769",Dec-18,"36,750",Dec-17
제너셈,"5,330",-30,-0.56,"23,276",-0.56,A217190,"23,276","12,239",8.17,Dec-19,8.73,Dec-19,"36,952",Dec-19,"28,294",Dec-18,"27,665",Dec-17
러셀,"4,625",-275,-5.61,"2,284,595",-5.61,A217500,"2,284,595","1,056,452",12.03,Dec-19,10.26,Dec-19,"41,027",Dec-19,"31,261",Dec-18,"36,114",Dec-17
켐온,"3,475",50,1.46,"1,417,341",1.46,A217600,"1,417,341","495,437",9.03,Dec-19,9.23,Dec-19,"20,914",Dec-19,"19,450",Dec-18,"15,549",Dec-17
엔에스,"10,500",-100,-0.94,"78,529",-0.94,A217820,"78,529","81,106",8.53,Dec-19,6.62,Dec-19,"65,057",Dec-19,"50,648",Dec-18,"42,165",Dec-17
RFHIC,"38,400","1,150",3.09,"227,179",3.09,A218410,"227,179","858,868",16.64,Dec-19,18.71,Dec-19,"107,768",Dec-19,"108,101",Dec-18,"62,055",Dec-17
링크제니시스,"7,400",-140,-1.86,"107,956",-1.86,A219420,"107,956","78,586",9.03,Dec-19,5.01,Dec-19,"11,404",Dec-19,"11,631",Dec-18,"11,793",Dec-17
하이즈항공,"5,100",-50,-0.97,"51,844",-0.97,A221840,"51,844","26,121",5.2,Dec-19,5.03,Dec-19,"73,686",Dec-19,"51,699",Dec-18,"44,684",Dec-17
씨아이에스,"13,500",-650,-4.59,"1,476,460",-4.59,A222080,"1,476,460","2,009,703",15.31,Dec-19,11.13,Dec-19,"100,552",Dec-19,"43,594",Dec-18,"25,408",Dec-17
씨엠에스에듀,"6,480",340,5.54,"11,491,677",5.54,A225330,"11,491,677","7,670,385",11.63,Dec-19,7.48,Dec-19,"82,117",Dec-19,"70,145",Dec-18,"63,999",Dec-17
보광산업,"5,230",20,0.38,"44,842",0.38,A225530,"44,842","23,237",14.92,Dec-19,12.59,Dec-19,"49,767",Dec-19,"37,337",Dec-18,"42,039",Dec-17
패션플랫폼,"1,460",-15,-1.02,"231,766",-1.02,A225590,"231,766","33,455",7.64,Dec-19,5.22,Dec-19,"79,379",Dec-19,"74,307",Dec-18,"65,254",Dec-17
본느,"3,150",30,0.96,"1,120,978",0.96,A226340,"1,120,978","351,619",11.86,Dec-19,10.71,Dec-19,"47,018",Dec-19,"29,229",Dec-18,"23,634",Dec-17
현대코퍼레이션홀딩스,"12,350",,0,"43,774",0,A227840,"43,774","53,645",5.05,Dec-19,5.28,Dec-19,"183,922",Dec-19,"165,419",Dec-18,"145,238",Dec-17
레이,"53,200",400,0.76,"83,295",0.76,A228670,"83,295","440,645",17.59,Dec-19,15.81,Dec-19,"73,108",Dec-19,"51,533",Dec-18,"32,929",Dec-17
레이언스,"12,150",150,1.25,"76,342",1.25,A228850,"76,342","90,869",18.1,Dec-19,10.96,Dec-19,"126,174",Dec-19,"116,389",Dec-18,"106,517",Dec-17
에코마케팅,"25,800",-50,-0.19,"89,608",-0.19,A230360,"89,608","229,096",33.97,Dec-19,29.95,Dec-19,"111,354",Dec-19,"62,103",Dec-18,"24,092",Dec-17
JW생명과학,"20,400",,0,"107,054",0,A234080,"107,054","214,320",17.48,Dec-19,12.89,Dec-19,"170,220",Dec-19,"155,230",Dec-18,"143,599",Dec-17
세틀뱅크,"31,850",,0,"68,306",0,A234340,"68,306","215,024",20.48,Dec-19,19.65,Dec-19,"65,559",Dec-19,"57,164",Dec-18,"39,337",Dec-17
녹십자웰빙,"12,450",-300,-2.35,"93,165",-2.35,A234690,"93,165","116,549",11.39,Dec-19,8.51,Dec-19,"66,937",Dec-19,"53,882",Dec-18,"45,071",Dec-17
슈프리마,"25,650",-150,-0.58,"26,211",-0.58,A236200,"26,211","66,688",34.06,Dec-19,35.97,Dec-19,"72,130",Dec-19,"52,757",Dec-18,"47,062",Dec-17
피앤씨테크,"6,420",-180,-2.73,"39,649",-2.73,A237750,"39,649","25,501",10.63,Dec-19,12.99,Dec-19,"21,401",Dec-19,"22,774",Dec-18,"29,829",Dec-17
플레이디,"8,890",190,2.18,"29,900",2.18,A237820,"29,900","26,104",22.82,Dec-19,17.07,Dec-19,"38,572",Dec-19,"34,711",Dec-18,"36,021",Dec-17
비피도,"24,900",500,2.05,"79,625",2.05,A238200,"79,625","196,868",10.7,Dec-19,12.16,Dec-19,"13,012",Dec-19,"14,870",Dec-18,"13,664",Dec-17
힘스,"13,700",100,0.74,"145,736",0.74,A238490,"145,736","196,361",9.05,Dec-19,9.92,Dec-19,"85,064",Dec-19,"35,455",Dec-18,"91,425",Dec-17
원익IPS,"49,550",-400,-0.8,"458,140",-0.8,A240810,"458,140","2,232,437",6.14,Dec-19,6.4,Dec-19,"669,241",Dec-19,"649,312",Dec-18,"630,860",Dec-17
두산밥캣,"32,950",-650,-1.93,"262,096",-1.93,A241560,"262,096","861,823",10.58,Dec-19,6.03,Dec-19,"4,509,550",Dec-19,"3,970,765",Dec-18,"3,389,208",Dec-17
화승엔터프라이즈,"16,350",300,1.87,"372,435",1.87,A241590,"372,435","590,331",7.11,Dec-19,5.42,Dec-19,"1,201,591",Dec-19,"879,226",Dec-18,"768,224",Dec-17
유니테크노,"6,890",-90,-1.29,"75,120",-1.29,A241690,"75,120","51,208",7.28,Dec-19,6.76,Dec-19,"82,053",Dec-19,"66,371",Dec-18,"66,136",Dec-17
메카로,"14,150",-450,-3.08,"71,564",-3.08,A241770,"71,564","100,142",11.81,Dec-19,10.83,Dec-19,"72,495",Dec-19,"100,499",Dec-18,"106,038",Dec-17
오션브릿지,"18,850","1,000",5.6,"428,658",5.6,A241790,"428,658","784,567",16.9,Dec-19,15.02,Dec-19,"75,770",Dec-19,"94,181",Dec-18,"56,032",Dec-17
휴온스,"55,300",-300,-0.54,"25,523",-0.54,A243070,"25,523","140,223",13.26,Dec-19,10.25,Dec-19,"365,018",Dec-19,"328,595",Dec-18,"284,838",Dec-17
신흥에스이씨,"43,850",-950,-2.12,"65,905",-2.12,A243840,"65,905","289,093",8.43,Dec-19,6.69,Dec-19,"239,492",Dec-19,"215,388",Dec-18,"133,136",Dec-17
에코프로비엠,"160,100","-2,100",-1.29,"143,211",-1.29,A247540,"143,211","2,270,055",6.01,Dec-19,5.6,Dec-19,"616,085",Dec-19,"589,185",Dec-18,"289,870",Dec-17
보라티알,"13,900",-250,-1.77,"26,945",-1.77,A250000,"26,945","37,468",6.86,Dec-19,7.11,Dec-19,"46,789",Dec-19,"42,014",Dec-18,"42,068",Dec-17
넷마블,"122,500","-2,500",-2,"193,535",-2,A251270,"193,535","2,359,170",9.3,Dec-19,7.79,Dec-19,"2,178,677",Dec-19,"2,021,272",Dec-18,"2,424,755",Dec-17
와이엠티,"19,300",350,1.85,"74,028",1.85,A251370,"74,028","141,333",23.15,Dec-19,18.2,Dec-19,"95,486",Dec-19,"73,030",Dec-18,"69,192",Dec-17
브이원텍,"11,750",800,7.31,"453,104",7.31,A251630,"453,104","525,459",17.97,Dec-19,24.8,Dec-19,"26,780",Dec-19,"54,628",Dec-18,"38,720",Dec-17
펌텍코리아,"17,500",-450,-2.51,"47,452",-2.51,A251970,"47,452","83,314",15.32,Dec-19,13.05,Dec-19,"175,371",Dec-19,"151,070",Dec-18,"133,563",Dec-17
스튜디오드래곤,"96,400",-800,-0.82,"118,380",-0.82,A253450,"118,380","1,136,879",6.12,Dec-19,5.64,Dec-19,"468,660",Dec-19,"379,606",Dec-18,"286,788",Dec-17
야스,"13,000",-200,-1.52,"49,101",-1.52,A255440,"49,101","63,261",14.44,Dec-19,18.79,Dec-19,"86,853",Dec-19,"184,507",Dec-18,"86,546",Dec-17
세종메디칼,"10,200",-450,-4.23,"88,332",-4.23,A258830,"88,332","89,972",23.19,Dec-19,18.87,Dec-19,"16,229",Dec-19,"14,832",Dec-18,"14,549",Dec-17
알리코제약,"12,150",,0,"26,585",0,A260660,"26,585","32,012",10.83,Dec-19,8.66,Dec-19,"115,793",Dec-19,"95,337",Dec-18,"71,357",Dec-17
덕우전자,"8,940",-140,-1.54,"132,660",-1.54,A263600,"132,660","117,200",9.56,Dec-19,7.09,Dec-19,"129,391",Dec-19,"88,409",Dec-18,"113,323",Dec-17
디알젬,"12,450",250,2.05,"103,589",2.05,A263690,"103,589","126,535",7.61,Dec-19,9.1,Dec-19,"60,087",Dec-19,"56,626",Dec-18,"49,323",Dec-17
디앤씨미디어,"35,850",-750,-2.05,"103,493",-2.05,A263720,"103,493","364,308",18.78,Dec-19,11.52,Dec-19,"42,139",Dec-19,"32,081",Dec-18,"26,536",Dec-17
펄어비스,"293,000",-400,-0.14,"38,269",-0.14,A263750,"38,269","1,110,016",28.1,Dec-19,29.42,Dec-19,"535,936",Dec-19,"404,763",Dec-18,"52,383",Dec-17
지니언스,"7,090",,0,"218,696",0,A263860,"218,696","154,453",9.21,Dec-19,12.46,Dec-19,"24,925",Dec-19,"21,445",Dec-18,"20,812",Dec-17
유비쿼스,"20,850",950,4.77,"144,268",4.77,A264450,"144,268","295,739",11.76,Dec-19,10.72,Dec-19,"103,877",Dec-19,"95,274",Dec-18,"76,227",Dec-17
씨앤지하이테크,"13,800",-300,-2.13,"54,104",-2.13,A264660,"54,104","74,122",11.24,Dec-19,9.16,Dec-19,"128,842",Dec-19,"88,260",Dec-18,"75,190",Dec-17
나인테크,"4,605",-10,-0.22,"805,278",-0.22,A267320,"805,278","366,435",8.58,Dec-19,5.61,Dec-19,"75,241",Dec-19,"50,000",Dec-18,"51,534",Dec-17
배럴,"10,800",200,1.89,"62,059",1.89,A267790,"62,059","65,908",14.1,Dec-19,11.47,Dec-19,"59,946",Dec-19,"50,068",Dec-18,"35,286",Dec-17
지엔원에너지,"4,005",-420,-9.49,"1,402,218",-9.49,A270520,"1,402,218","570,954",8.96,Dec-19,7.55,Dec-19,"35,807",Dec-19,"29,444",Dec-18,"26,543",Dec-17
뉴트리,"28,450",-400,-1.39,"65,730",-1.39,A270870,"65,730","185,183",9.55,Dec-19,7.57,Dec-19,"125,146",Dec-19,"87,218",Dec-18,"60,382",Dec-17
오리온,"129,000","-3,000",-2.27,"94,301",-2.27,A271560,"94,301","1,224,099",16.19,Dec-19,10.9,Dec-19,"2,023,296",Dec-19,"1,926,947",Dec-18,"1,073,283",Dec-17
케이엔제이,"12,450",-250,-1.97,"54,158",-1.97,A272110,"54,158","66,209",6.8,Dec-19,7.89,Dec-19,"56,310",Dec-19,"51,106",Dec-18,"48,382",Dec-17
이녹스첨단소재,"45,600",-250,-0.55,"49,797",-0.55,A272290,"49,797","226,730",13.31,Dec-19,9.89,Dec-19,"349,330",Dec-19,"293,115",Dec-18,"193,104",Dec-17
삼양패키징,"23,750",,0,"132,695",0,A272550,"132,695","315,790",11.08,Dec-19,7.56,Dec-19,"375,442",Dec-19,"366,291",Dec-18,"333,439",Dec-17
인산가,"1,935",-35,-1.78,"286,336",-1.78,A277410,"286,336","55,022",15.44,Dec-19,12.2,Dec-19,"25,864",Dec-19,"25,231",Dec-18,"26,017",Dec-17
천보,"161,000","-1,600",-0.98,"82,231",-0.98,A278280,"82,231","1,295,303",20.1,Dec-19,17.04,Dec-19,"135,310",Dec-19,"120,088",Dec-18,"87,486",Dec-17
노터스,"27,400",350,1.29,"55,989",1.29,A278650,"55,989","151,205",14.62,Dec-19,9.89,Dec-19,"46,039",Dec-19,"37,237",Dec-18,"29,339",Dec-17
레이크머티리얼즈,"3,640",-130,-3.45,"908,243",-3.45,A281740,"908,243","331,833",7.32,Dec-19,5.05,Dec-19,"34,858",Dec-19,"35,295",Dec-18,"37,525",Dec-17
케이씨텍,"25,400",200,0.79,"97,431",0.79,A281820,"97,431","240,765",18.48,Dec-19,13.89,Dec-19,"265,326",Dec-19,"357,263",Dec-18,"75,094",Dec-17
동아타이어,"10,450",,0,"22,294",0,A282690,"22,294","23,014",11.56,Dec-19,15.84,Dec-19,"155,994",Dec-19,"161,313",Dec-18,"28,346",Dec-17
쿠쿠홈시스,"40,050",-400,-0.99,"43,364",-0.99,A284740,"43,364","173,123",18.18,Dec-19,12.03,Dec-19,"663,713",Dec-19,"418,791",Dec-18,"30,302",Dec-17
노바텍,"34,600",-400,-1.14,"50,945",-1.14,A285490,"50,945","175,890",21.14,Dec-19,21.02,Dec-19,"26,133",Dec-19,"25,883",Dec-18,"21,284",Dec-17
대유에이피,"7,040",50,0.72,"28,562",0.72,A290120,"28,562","19,865",6.41,Dec-19,5.07,Dec-19,"157,452",Dec-19,"193,955",Dec-18,"206,580",Dec-17
휴네시온,"5,640",70,1.26,"50,700",1.26,A290270,"50,700","28,148",10.08,Dec-19,9.53,Dec-19,"18,826",Dec-19,"16,050",Dec-18,"14,026",Dec-17
대유,"13,900",-100,-0.71,"115,743",-0.71,A290380,"115,743","158,601",17.97,Dec-19,16.55,Dec-19,"29,676",Dec-19,"28,744",Dec-18,"27,374",Dec-17
신도기연,"17,750",-450,-2.47,"46,722",-2.47,A290520,"46,722","82,514",19.98,Dec-19,17.28,Dec-19,"84,802",Dec-19,"49,696",Dec-18,"61,885",Dec-17
엘앤씨바이오,"30,000",-700,-2.28,"86,794",-2.28,A290650,"86,794","261,289",30.98,Dec-19,29,Dec-19,"29,151",Dec-19,"21,240",Dec-18,"17,900",Dec-17
대보마그네틱,"37,400",900,2.47,"32,793",2.47,A290670,"32,793","118,771",19.48,Dec-19,16.02,Dec-19,"23,870",Dec-19,"20,620",Dec-18,"13,164",Dec-17
푸드나무,"25,250",-400,-1.56,"30,750",-1.56,A290720,"30,750","77,580",8.44,Dec-19,6.88,Dec-19,"64,782",Dec-19,"52,960",Dec-18,"34,825",Dec-17
하나제약,"23,350",50,0.21,"39,386",0.21,A293480,"39,386","91,221",20.18,Dec-19,17.01,Dec-19,"166,346",Dec-19,"152,832",Dec-18,"139,331",Dec-17
씨에스베어링,"29,000","-1,300",-4.29,"145,788",-4.29,A297090,"145,788","423,680",10.01,Dec-19,5.94,Dec-19,"102,573",Dec-19,"64,762",Dec-18,"50,364",Dec-17
위지윅스튜디오,"9,270",20,0.22,"1,544,923",0.22,A299900,"1,544,923","1,421,739",14.29,Dec-19,14.03,Dec-19,"46,404",Dec-19,"23,648",Dec-18,"12,989",Dec-17
라온피플,"28,950",-50,-0.17,"260,387",-0.17,A300120,"260,387","738,814",26.66,Dec-19,27.41,Dec-19,"30,770",Dec-19,"21,763",Dec-18,"19,067",Dec-17
이노메트리,"19,100",200,1.06,"45,004",1.06,A302430,"45,004","83,138",16.7,Dec-19,14.51,Dec-19,"31,891",Dec-19,"30,576",Dec-18,"14,062",Dec-17
에스제이그룹,"21,950",250,1.15,"128,945",1.15,A306040,"128,945","276,980",14.95,Dec-19,11.99,Dec-19,"109,494",Dec-19,"68,629",Dec-18,"45,177",Dec-17
까스텔바작,"14,000",-300,-2.1,"37,126",-2.1,A308100,"37,126","51,748",11.09,Dec-19,8.44,Dec-19,"81,358",Dec-19,"92,346",Dec-18,"84,152",Dec-17
에이에프더블류,"10,650",50,0.47,"253,095",0.47,A312610,"253,095","262,028",27.88,Dec-19,21.57,Dec-19,"25,961",Dec-19,"30,329",Dec-18,"20,500",Dec-17
덕산테코피아,"18,300",-300,-1.61,"151,103",-1.61,A317330,"151,103","272,440",21.72,Dec-19,18,Dec-19,"61,838",Dec-19,"70,930",Dec-18,"79,839",Dec-17
티라유텍,"16,000",-650,-3.9,"39,091",-3.9,A322180,"39,091","62,221",7.78,Dec-19,9.17,Dec-19,"28,539",Dec-19,"22,771",Dec-18,"21,971",Dec-17
메탈라이프,"28,450",350,1.25,"44,945",1.25,A327260,"44,945","126,503",6.97,Dec-19,7.39,Dec-19,"16,211",Dec-19,"19,270",Dec-18,"11,427",Dec-17
크리스탈신소재,"1,750",-20,-1.13,"769,001",-1.13,A900250,"769,001","134,302",33.72,Dec-19,26.67,Dec-19,"84,592",Dec-19,"76,036",Dec-18,"71,468",Dec-17
헝셩그룹,629,3,0.48,"487,190",0.48,A900270,"487,190","30,471",19.85,Dec-19,14.72,Dec-19,"221,245",Dec-19,"200,444",Dec-18,"200,754",Dec-17
골든센츄리,459,-17,-3.57,"20,513,795",-3.57,A900280,"20,513,795","954,334",26.02,Dec-19,19.19,Dec-19,"113,144",Dec-19,"88,301",Dec-18,"106,115",Dec-17
오가닉티코스메틱,706,-7,-0.98,"1,214,571",-0.98,A900300,"1,214,571","85,337",15.32,Dec-19,10.61,Dec-19,"299,604",Dec-19,"240,003",Dec-18,"197,713",Dec-17
컬러레이,"2,130",-25,-1.16,"339,094",-1.16,A900310,"339,094","71,953",54.32,Dec-19,47.58,Dec-19,"50,860",Dec-19,"48,244",Dec-18,"47,726",Dec-17
윙입푸드,"1,340",5,0.37,"98,778",0.37,A900340,"98,778","13,128",17,Dec-19,9.16,Dec-19,"111,593",Dec-19,"96,175",Dec-18,"83,974",Dec-17
SBI핀테크솔루션즈,"8,340",-180,-2.11,"126,711",-2.11,A950110,"126,711","105,533",15.75,Mar-20,9.78,Mar-20,"94,660",Mar-20,"78,810",Mar-19,"65,801",Mar-18
SNK,"28,150","1,150",4.26,"247,421",4.26,A950180,"247,421","677,974",27.81,Jul-20,26.34,Jul-20,"86,000",Jul-20,"102,069",Jul-19,"67,916",Jul-18
